genome	s1	s2	subject1	subject2	site1	site2	pair_class	popANI	breadth	shared_strain	bray_curtis
Aerococcus_christensenii.fna	22V	36C	22	36	vagina	cervix	between_cervix_vagina	0.9943992521231833	0.6183103904179159	False	0.7245182001506417
Aerococcus_christensenii.fna	22V	36V	22	36	vagina	vagina	other	0.9946859564107966	0.4399375372530037	False	0.5336141411104878
Aerococcus_christensenii.fna	22V	39V	22	39	vagina	vagina	other	0.9950554863938044	0.4213950356792051	False	0.3706327570217234
Aerococcus_christensenii.fna	22V	3C	22	3	vagina	cervix	between_cervix_vagina	0.9937381667521864	0.5055420883309754	False	0.6238194135759529
Aerococcus_christensenii.fna	22V	3V	22	3	vagina	vagina	other	0.99356421371549	0.6139970879898247	False	0.608689801095172
Aerococcus_christensenii.fna	22V	41V	22	41	vagina	vagina	other	0.9991357118180884	0.519836942878513	True	0.4033389002320319
Aerococcus_christensenii.fna	22V	42C	22	42	vagina	cervix	between_cervix_vagina	0.9942724532759438	0.5078599814877514	False	0.8190984705805749
Aerococcus_christensenii.fna	22V	42V	22	42	vagina	vagina	other	0.994304565782108	0.6140209041649984	False	0.8228622378795598
Aerococcus_christensenii.fna	22V	4C	22	4	vagina	cervix	between_cervix_vagina	0.9937035531483666	0.4497060311567066	False	0.8306808868450212
Aerococcus_christensenii.fna	36C	36V	36	36	cervix	vagina	within_cervix_vagina	0.9999952183172875	0.6730689265856745	True	0.4787711806114968
Aerococcus_christensenii.fna	36C	39V	36	39	cervix	vagina	between_cervix_vagina	0.9987318337216202	0.632429520213496	False	0.6753500385359789
Aerococcus_christensenii.fna	36C	3C	36	3	cervix	cervix	other	0.9934500836661988	0.763188689762778	False	0.8210276437656385
Aerococcus_christensenii.fna	36C	3V	36	3	cervix	vagina	between_cervix_vagina	0.9931480481903944	0.9396935823775752	False	0.8155556498859737
Aerococcus_christensenii.fna	36C	41V	36	41	cervix	vagina	between_cervix_vagina	0.9958168823655862	0.7755338363481178	False	0.7856106416790698
Aerococcus_christensenii.fna	36C	42C	36	42	cervix	cervix	other	0.9944968566805936	0.7582902818419044	False	0.5754779861773337
Aerococcus_christensenii.fna	36C	42V	36	42	cervix	vagina	between_cervix_vagina	0.9944340924942344	0.9330398579783544	False	0.7064511961184522
Aerococcus_christensenii.fna	36C	4C	36	4	cervix	cervix	other	0.9934443571327688	0.6790628785645412	False	0.9561180122399628
Aerococcus_christensenii.fna	36V	39V	36	39	vagina	vagina	other	0.998835296757864	0.4531780432887949	False	0.5819861908759275
Aerococcus_christensenii.fna	36V	3C	36	3	vagina	cervix	between_cervix_vagina	0.9937158752641676	0.5412380291535731	False	0.8378557107637831
Aerococcus_christensenii.fna	36V	3V	36	3	vagina	vagina	other	0.9934575244851802	0.6554398075138101	False	0.8491061545385233
Aerococcus_christensenii.fna	36V	41V	36	41	vagina	vagina	other	0.9961078065043866	0.5500448645245841	False	0.6193906641869587
Aerococcus_christensenii.fna	36V	42C	36	42	vagina	cervix	between_cervix_vagina	0.9947239803640728	0.5383910306996935	False	0.7998531972620929
Aerococcus_christensenii.fna	36V	42V	36	42	vagina	vagina	other	0.994649978186394	0.6506559747059346	False	0.8768480637030708
Aerococcus_christensenii.fna	36V	4C	36	4	vagina	cervix	between_cervix_vagina	0.9936328159774864	0.4844396697662024	False	0.9212756598200365
Aerococcus_christensenii.fna	39V	3C	39	3	vagina	cervix	between_cervix_vagina	0.9940539601230006	0.5111736482389547	False	0.5343735829981805
Aerococcus_christensenii.fna	39V	3V	39	3	vagina	vagina	other	0.9937746713579196	0.6242077903352674	False	0.555314992854736
Aerococcus_christensenii.fna	39V	41V	39	41	vagina	vagina	other	0.9962767538644473	0.5196818158996785	False	0.6320045814341225
Aerococcus_christensenii.fna	39V	42C	39	42	vagina	cervix	between_cervix_vagina	0.9950294396652464	0.5150157766068516	False	0.6865865614314017
Aerococcus_christensenii.fna	39V	42V	39	42	vagina	vagina	other	0.9950024595009074	0.6228740845255367	False	0.7102343910258121
Aerococcus_christensenii.fna	39V	4C	39	4	vagina	cervix	between_cervix_vagina	0.993951237537574	0.4529031917536815	False	0.8743726854571324
Aerococcus_christensenii.fna	3C	3V	3	3	cervix	vagina	within_cervix_vagina	0.9999924972865186	0.7721371348240114	True	0.3803243545186398
Aerococcus_christensenii.fna	3C	41V	3	41	cervix	vagina	between_cervix_vagina	0.9950682034343292	0.6354844274398385	False	0.7536600200561032
Aerococcus_christensenii.fna	3C	42C	3	42	cervix	cervix	other	0.9930959014788994	0.6182189877996815	False	0.7970828335932785
Aerococcus_christensenii.fna	3C	42V	3	42	cervix	vagina	between_cervix_vagina	0.993007451956064	0.7551973974713658	False	0.87763442815041
Aerococcus_christensenii.fna	3C	4C	3	4	cervix	cervix	other	0.999986346398692	0.5657236319538403	True	0.755649156369153
Aerococcus_christensenii.fna	3V	41V	3	41	vagina	vagina	other	0.9949012268870748	0.7728548384812747	False	0.6505137605923628
Aerococcus_christensenii.fna	3V	42C	3	42	vagina	cervix	between_cervix_vagina	0.9929006911703036	0.7582568104605791	False	0.7851181952450008
Aerococcus_christensenii.fna	3V	42V	3	42	vagina	vagina	other	0.9928564025675218	0.9316050943442375	False	0.8012921809576167
Aerococcus_christensenii.fna	3V	4C	3	4	vagina	cervix	between_cervix_vagina	0.9999905943168982	0.6843526441747566	True	0.8402982438748549
Aerococcus_christensenii.fna	41V	42C	41	42	vagina	cervix	between_cervix_vagina	0.9959854499164352	0.6350943571113168	False	0.9191381560665669
Aerococcus_christensenii.fna	41V	42V	41	42	vagina	vagina	other	0.9959549323526096	0.7709714296013173	False	0.9066612459101339
Aerococcus_christensenii.fna	41V	4C	41	4	vagina	cervix	between_cervix_vagina	0.9950512552622336	0.5661922312923944	False	0.8539467283366369
Aerococcus_christensenii.fna	42C	42V	42	42	cervix	vagina	within_cervix_vagina	0.999983235329866	0.7679010740451323	True	0.2875804750689081
Aerococcus_christensenii.fna	42C	4C	42	4	cervix	cervix	other	0.9930786869841448	0.5507445451303646	False	0.9551326225955606
Aerococcus_christensenii.fna	42V	4C	42	4	vagina	cervix	between_cervix_vagina	0.9930508729810844	0.6710863909225614	False	0.9746284355889239
Fannyhessea_vaginae.fna	21C	21V	21	21	cervix	vagina	within_cervix_vagina	0.999996116206217	0.8819355435367136	True	0.15475956912622998
Fannyhessea_vaginae.fna	21C	22C	21	22	cervix	cervix	other	0.9843137382578906	0.8416476850408804	False	0.6718089140407115
Fannyhessea_vaginae.fna	21C	22V	21	22	cervix	vagina	between_cervix_vagina	0.9838667977056031	0.8266964435569226	False	0.7625755994163925
Fannyhessea_vaginae.fna	21C	24C	21	24	cervix	cervix	other	0.9837793245254391	0.8262504752542396	False	0.7759718085306565
Fannyhessea_vaginae.fna	21C	27C	21	27	cervix	cervix	other	0.9649600446094964	0.7838019654117672	False	0.6871430006184069
Fannyhessea_vaginae.fna	21C	28C	21	28	cervix	cervix	other	0.970150264087666	0.839946703020048	False	0.8615855694158048
Fannyhessea_vaginae.fna	21C	28V	21	28	cervix	vagina	between_cervix_vagina	0.969978614903767	0.7912409359168896	False	0.8858077570429609
Fannyhessea_vaginae.fna	21C	29C	21	29	cervix	cervix	other	0.9671496802677936	0.7872902458991126	False	0.5876373757036973
Fannyhessea_vaginae.fna	21C	29V	21	29	cervix	vagina	between_cervix_vagina	0.9675885295872386	0.672866836331003	False	0.3461876959466028
Fannyhessea_vaginae.fna	21C	30C	21	30	cervix	cervix	other	0.9674644329101876	0.830574518152143	False	0.8701600559837976
Fannyhessea_vaginae.fna	21C	31C	21	31	cervix	cervix	other	0.966039940014504	0.6262881530678304	False	0.7556566453041316
Fannyhessea_vaginae.fna	21C	37C	21	37	cervix	cervix	other	0.973255392261294	0.8424882428095318	False	0.6890388836159961
Fannyhessea_vaginae.fna	21C	38C	21	38	cervix	cervix	other	0.9766550663645192	0.8464492085946518	False	0.7235603543098911
Fannyhessea_vaginae.fna	21C	38V	21	38	cervix	vagina	between_cervix_vagina	0.9771125205230566	0.8219723307838013	False	0.7537809767220035
Fannyhessea_vaginae.fna	21C	39C	21	39	cervix	cervix	other	0.9688494797079028	0.5827565773474134	False	0.8088301404649073
Fannyhessea_vaginae.fna	21C	39V	21	39	cervix	vagina	between_cervix_vagina	0.9703844940791926	0.4778505834923223	False	0.7720427590737189
Fannyhessea_vaginae.fna	21C	3C	21	3	cervix	cervix	other	0.964304351753045	0.8191485499179652	False	0.8085762951874447
Fannyhessea_vaginae.fna	21C	3V	21	3	cervix	vagina	between_cervix_vagina	0.9640209535176713	0.8265005189262509	False	0.7200131045486479
Fannyhessea_vaginae.fna	21C	42C	21	42	cervix	cervix	other	0.9814996218877532	0.8587773892015387	False	0.839057124752142
Fannyhessea_vaginae.fna	21C	42V	21	42	cervix	vagina	between_cervix_vagina	0.9813570954243463	0.8624273417617461	False	0.8547331399572586
Fannyhessea_vaginae.fna	21C	5V	21	5	cervix	vagina	between_cervix_vagina	0.9774624974724136	0.5996533641149653	False	0.8327842781664789
Fannyhessea_vaginae.fna	21V	22C	21	22	vagina	cervix	between_cervix_vagina	0.9840993110401614	0.8479618015475305	False	0.6594082927770606
Fannyhessea_vaginae.fna	21V	22V	21	22	vagina	vagina	other	0.9836726994453776	0.8316377175465578	False	0.7296485894186177
Fannyhessea_vaginae.fna	21V	24C	21	24	vagina	cervix	between_cervix_vagina	0.9836135018217752	0.8312253167505284	False	0.7982703895629548
Fannyhessea_vaginae.fna	21V	27C	21	27	vagina	cervix	between_cervix_vagina	0.9646759931428592	0.7884370215345831	False	0.7484070658465163
Fannyhessea_vaginae.fna	21V	28C	21	28	vagina	cervix	between_cervix_vagina	0.9698316543012416	0.8463354901027235	False	0.8834743586784952
Fannyhessea_vaginae.fna	21V	28V	21	28	vagina	vagina	other	0.9696815551963534	0.7959157250067649	False	0.9104971600814705
Fannyhessea_vaginae.fna	21V	29C	21	29	vagina	cervix	between_cervix_vagina	0.96688870659578	0.791677998554542	False	0.6801169493726937
Fannyhessea_vaginae.fna	21V	29V	21	29	vagina	vagina	other	0.967323252830395	0.6765448759886145	False	0.47351701623251585
Fannyhessea_vaginae.fna	21V	30C	21	30	vagina	cervix	between_cervix_vagina	0.9671658467138816	0.8363118215852768	False	0.9030165873367616
Fannyhessea_vaginae.fna	21V	31C	21	31	vagina	cervix	between_cervix_vagina	0.9660527990099096	0.6288057160668473	False	0.807571661408867
Fannyhessea_vaginae.fna	21V	37C	21	37	vagina	cervix	between_cervix_vagina	0.97305547838559	0.8482632240562564	False	0.7449005591888228
Fannyhessea_vaginae.fna	21V	38C	21	38	vagina	cervix	between_cervix_vagina	0.9765497953571348	0.8509458843839164	False	0.7854856049072074
Fannyhessea_vaginae.fna	21V	38V	21	38	vagina	vagina	other	0.9770179353583252	0.825177000092482	False	0.804047419242831
Fannyhessea_vaginae.fna	21V	39C	21	39	vagina	cervix	between_cervix_vagina	0.9688779688779688	0.5855132231999425	False	0.8464446180192986
Fannyhessea_vaginae.fna	21V	39V	21	39	vagina	vagina	other	0.9703945117361252	0.480511322182984	False	0.6874533148316687
Fannyhessea_vaginae.fna	21V	3C	21	3	vagina	cervix	between_cervix_vagina	0.9639369032945496	0.8242323145480889	False	0.8392625264979484
Fannyhessea_vaginae.fna	21V	3V	21	3	vagina	vagina	other	0.963666366957519	0.8327639416473425	False	0.7612370877760728
Fannyhessea_vaginae.fna	21V	42C	21	42	vagina	cervix	between_cervix_vagina	0.9813594432627906	0.8647777522786514	False	0.8513075152823992
Fannyhessea_vaginae.fna	21V	42V	21	42	vagina	vagina	other	0.9812298683206948	0.8694285645780598	False	0.7986428563500619
Fannyhessea_vaginae.fna	21V	5V	21	5	vagina	vagina	other	0.9775148994564504	0.6010508684736032	False	0.8430452794601793
Fannyhessea_vaginae.fna	22C	22V	22	22	cervix	vagina	within_cervix_vagina	0.9999968133507856	0.8599015581488547	True	0.21488888040226176
Fannyhessea_vaginae.fna	22C	24C	22	24	cervix	cervix	other	0.9999984058549758	0.8594590151019528	True	0.4329710646685089
Fannyhessea_vaginae.fna	22C	27C	22	27	cervix	cervix	other	0.9789200769499824	0.7834245022247036	False	0.6768143741487332
Fannyhessea_vaginae.fna	22C	28C	22	28	cervix	cervix	other	0.9822781816915576	0.8459436408413799	False	0.7421002112357991
Fannyhessea_vaginae.fna	22C	28V	22	28	cervix	vagina	between_cervix_vagina	0.9824392469112196	0.7989320052474919	False	0.46942320766087153
Fannyhessea_vaginae.fna	22C	29C	22	29	cervix	cervix	other	0.9804279402548028	0.7935536686202043	False	0.8566554946301806
Fannyhessea_vaginae.fna	22C	29V	22	29	cervix	vagina	between_cervix_vagina	0.98095043035824	0.6789891385139185	False	0.8755624929807209
Fannyhessea_vaginae.fna	22C	30C	22	30	cervix	cervix	other	0.9817952032406532	0.8320425827798691	False	0.7831789452583645
Fannyhessea_vaginae.fna	22C	31C	22	31	cervix	cervix	other	0.9798757886161304	0.6407564334866707	False	0.5972336702742669
Fannyhessea_vaginae.fna	22C	37C	22	37	cervix	cervix	other	0.9859077303640712	0.8452140613600321	False	0.4264495955015033
Fannyhessea_vaginae.fna	22C	38C	22	38	cervix	cervix	other	0.9880979228149646	0.8444803715717472	False	0.4536937769831627
Fannyhessea_vaginae.fna	22C	38V	22	38	cervix	vagina	between_cervix_vagina	0.988585843030652	0.8185210430588904	False	0.571561387417031
Fannyhessea_vaginae.fna	22C	39C	22	39	cervix	cervix	other	0.9821000606953958	0.592552123829847	False	0.5847926643968331
Fannyhessea_vaginae.fna	22C	39V	22	39	cervix	vagina	between_cervix_vagina	0.9834257099295104	0.4866034821150269	False	0.4255351087706065
Fannyhessea_vaginae.fna	22C	3C	22	3	cervix	cervix	other	0.9788123154927698	0.8214722434397789	False	0.6006666149495684
Fannyhessea_vaginae.fna	22C	3V	22	3	cervix	vagina	between_cervix_vagina	0.9785480005514696	0.829808630959517	False	0.6371012762171454
Fannyhessea_vaginae.fna	22C	42C	22	42	cervix	cervix	other	0.991441516497902	0.8592672007782182	False	0.7702675577470643
Fannyhessea_vaginae.fna	22C	42V	22	42	cervix	vagina	between_cervix_vagina	0.9912653002215448	0.8624019948689668	False	0.8251226961616221
Fannyhessea_vaginae.fna	22C	5V	22	5	cervix	vagina	between_cervix_vagina	0.9892090093440564	0.5894454168365023	False	0.5793424491900864
Fannyhessea_vaginae.fna	22V	24C	22	24	vagina	cervix	between_cervix_vagina	0.9999879206045496	0.8506855649445623	True	0.43847273425761
Fannyhessea_vaginae.fna	22V	27C	22	27	vagina	cervix	between_cervix_vagina	0.9788778153322628	0.7738461169587839	False	0.6994231859259905
Fannyhessea_vaginae.fna	22V	28C	22	28	vagina	cervix	between_cervix_vagina	0.9821827510307074	0.8313006723777098	False	0.7143590854856979
Fannyhessea_vaginae.fna	22V	28V	22	28	vagina	vagina	other	0.9823703654858628	0.7895543399703373	False	0.4073789684273233
Fannyhessea_vaginae.fna	22V	29C	22	29	vagina	cervix	between_cervix_vagina	0.9802354527221656	0.78457744332058	False	0.8442902830744227
Fannyhessea_vaginae.fna	22V	29V	22	29	vagina	vagina	other	0.9808070123951952	0.6722735820297381	False	0.8658792399418407
Fannyhessea_vaginae.fna	22V	30C	22	30	vagina	cervix	between_cervix_vagina	0.9815929336653686	0.819773316572415	False	0.7828179229139353
Fannyhessea_vaginae.fna	22V	31C	22	31	vagina	cervix	between_cervix_vagina	0.9793040534837364	0.6330516631329445	False	0.579885919797612
Fannyhessea_vaginae.fna	22V	37C	22	37	vagina	cervix	between_cervix_vagina	0.9855114547772796	0.8327824380285598	False	0.5392192794314736
Fannyhessea_vaginae.fna	22V	38C	22	38	vagina	cervix	between_cervix_vagina	0.987877226574982	0.8296716207282779	False	0.6100389692472674
Fannyhessea_vaginae.fna	22V	38V	22	38	vagina	vagina	other	0.9884342866834864	0.807795197106344	False	0.5960958383816961
Fannyhessea_vaginae.fna	22V	39C	22	39	vagina	cervix	between_cervix_vagina	0.9816482147638506	0.5884520926600194	False	0.5705654391279567
Fannyhessea_vaginae.fna	22V	39V	22	39	vagina	vagina	other	0.9829321136254212	0.4837694254818478	False	0.3706327570217234
Fannyhessea_vaginae.fna	22V	3C	22	3	vagina	cervix	between_cervix_vagina	0.9786549341314528	0.8093495781797506	False	0.6238194135759529
Fannyhessea_vaginae.fna	22V	3V	22	3	vagina	vagina	other	0.978401316765874	0.8170050248502307	False	0.608689801095172
Fannyhessea_vaginae.fna	22V	42C	22	42	vagina	cervix	between_cervix_vagina	0.9910901518703762	0.8415278010885463	False	0.8190984705805749
Fannyhessea_vaginae.fna	22V	42V	22	42	vagina	vagina	other	0.990946298407084	0.8444248824280953	False	0.8228622378795598
Fannyhessea_vaginae.fna	22V	5V	22	5	vagina	vagina	other	0.9887238129083468	0.586013995595121	False	0.6087972012541482
Fannyhessea_vaginae.fna	24C	27C	24	27	cervix	cervix	other	0.9788956086833144	0.7725184878180779	False	0.6940854449465845
Fannyhessea_vaginae.fna	24C	28C	24	28	cervix	cervix	other	0.9820896457671308	0.8308423731542153	False	0.6581402588604666
Fannyhessea_vaginae.fna	24C	28V	24	28	cervix	vagina	between_cervix_vagina	0.9823317936600634	0.7894591178596262	False	0.5610901279581041
Fannyhessea_vaginae.fna	24C	29C	24	29	cervix	cervix	other	0.9802145072085698	0.7849240792056147	False	0.8417373438329488
Fannyhessea_vaginae.fna	24C	29V	24	29	cervix	vagina	between_cervix_vagina	0.9808010761180264	0.6722441248300217	False	0.8770879094606032
Fannyhessea_vaginae.fna	24C	30C	24	30	cervix	cervix	other	0.9815100670017312	0.8183593709860284	False	0.5351517633116994
Fannyhessea_vaginae.fna	24C	31C	24	31	cervix	cervix	other	0.97929324643267	0.6327543509311557	False	0.35058025141232996
Fannyhessea_vaginae.fna	24C	37C	24	37	cervix	cervix	other	0.9854703770730115	0.8312766955872429	False	0.5211483683129274
Fannyhessea_vaginae.fna	24C	38C	24	38	cervix	cervix	other	0.987758306421255	0.8298380881592333	False	0.5339689475659205
Fannyhessea_vaginae.fna	24C	38V	24	38	cervix	vagina	between_cervix_vagina	0.9882874694999432	0.8080219490390445	False	0.5022338470932152
Fannyhessea_vaginae.fna	24C	39C	24	39	cervix	cervix	other	0.9816133342972884	0.587484800427472	False	0.4260444262503482
Fannyhessea_vaginae.fna	24C	39V	24	39	cervix	vagina	between_cervix_vagina	0.9828907011714142	0.4819978831919274	False	0.6107389337728372
Fannyhessea_vaginae.fna	24C	3C	24	3	cervix	cervix	other	0.9787449452738256	0.8085871162429055	False	0.5913953949181545
Fannyhessea_vaginae.fna	24C	3V	24	3	cervix	vagina	between_cervix_vagina	0.9784601260150184	0.8163096979266927	False	0.6925555443508685
Fannyhessea_vaginae.fna	24C	42C	24	42	cervix	cervix	other	0.991103272425114	0.8409208457641575	False	0.878975375077412
Fannyhessea_vaginae.fna	24C	42V	24	42	cervix	vagina	between_cervix_vagina	0.9909316790360037	0.8436679009004997	False	0.9187080959218195
Fannyhessea_vaginae.fna	24C	5V	24	5	cervix	vagina	between_cervix_vagina	0.9886656898868206	0.5858495833176343	False	0.5945650247991747
Fannyhessea_vaginae.fna	27C	28C	27	28	cervix	cervix	other	0.9731261835292648	0.7893666359535398	False	0.8681524172351892
Fannyhessea_vaginae.fna	27C	28V	27	28	cervix	vagina	between_cervix_vagina	0.973483182743441	0.7555326444002206	False	0.8077983618952919
Fannyhessea_vaginae.fna	27C	29C	27	29	cervix	cervix	other	0.9696717260725952	0.7540960921256795	False	0.42139037158247805
Fannyhessea_vaginae.fna	27C	29V	27	29	cervix	vagina	between_cervix_vagina	0.9704467651317206	0.6491626962243405	False	0.5894256056741431
Fannyhessea_vaginae.fna	27C	30C	27	30	cervix	cervix	other	0.981478111310758	0.8017831881595758	False	0.7369749522028028
Fannyhessea_vaginae.fna	27C	31C	27	31	cervix	cervix	other	0.9665383297844372	0.6019386947720321	False	0.6350477901190212
Fannyhessea_vaginae.fna	27C	37C	27	37	cervix	cervix	other	0.9700009561176162	0.8024716645715518	False	0.6188555568343147
Fannyhessea_vaginae.fna	27C	38C	27	38	cervix	cervix	other	0.9668088004809614	0.7885130622129207	False	0.7067358730541476
Fannyhessea_vaginae.fna	27C	38V	27	38	cervix	vagina	between_cervix_vagina	0.96794360225876	0.7691343351064741	False	0.5856762497597471
Fannyhessea_vaginae.fna	27C	39C	27	39	cervix	cervix	other	0.9662621445603048	0.5582283206998483	False	0.6266318173436363
Fannyhessea_vaginae.fna	27C	39V	27	39	cervix	vagina	between_cervix_vagina	0.9682692680136226	0.4598351081867038	False	0.6512973876840975
Fannyhessea_vaginae.fna	27C	3C	27	3	cervix	cervix	other	0.9713141838479796	0.7847117133471943	False	0.44857251451364627
Fannyhessea_vaginae.fna	27C	3V	27	3	cervix	vagina	between_cervix_vagina	0.9709683466198732	0.7893803369766638	False	0.403082699683804
Fannyhessea_vaginae.fna	27C	42C	27	42	cervix	cervix	other	0.972480506597174	0.7996725455473388	False	0.8442837323659109
Fannyhessea_vaginae.fna	27C	42V	27	42	cervix	vagina	between_cervix_vagina	0.9721667926107134	0.8023010868336593	False	0.8846178450695047
Fannyhessea_vaginae.fna	27C	5V	27	5	cervix	vagina	between_cervix_vagina	0.9693631891367416	0.5634148430034013	False	0.7501187054529193
Fannyhessea_vaginae.fna	28C	28V	28	28	cervix	vagina	within_cervix_vagina	0.9999901283154464	0.8327468153684376	True	0.8011329277728844
Fannyhessea_vaginae.fna	28C	29C	28	29	cervix	cervix	other	0.9999718987827214	0.8288516144943123	True	0.9133969254063476
Fannyhessea_vaginae.fna	28C	29V	28	29	cervix	vagina	between_cervix_vagina	0.9999651834493724	0.7083367300453162	True	0.9218876863139449
Fannyhessea_vaginae.fna	28C	30C	28	30	cervix	cervix	other	0.9732779471133528	0.8380977499494775	False	0.7668350916141243
Fannyhessea_vaginae.fna	28C	31C	28	31	cervix	cervix	other	0.969140768141616	0.6318788555535385	False	0.7705489500629171
Fannyhessea_vaginae.fna	28C	37C	28	37	cervix	cervix	other	0.973400379601782	0.8471061726534429	False	0.6068528912166299
Fannyhessea_vaginae.fna	28C	38C	28	38	cervix	cervix	other	0.9719007887583612	0.8412469301145064	False	0.7339703133724019
Fannyhessea_vaginae.fna	28C	38V	28	38	cervix	vagina	between_cervix_vagina	0.9728004710804736	0.8166857910114438	False	0.8099272663816344
Fannyhessea_vaginae.fna	28C	39C	28	39	cervix	cervix	other	0.9709984164971158	0.5922534415257459	False	0.7300388269744399
Fannyhessea_vaginae.fna	28C	39V	28	39	cervix	vagina	between_cervix_vagina	0.9725430178108831	0.4878968586979232	False	0.786751603079693
Fannyhessea_vaginae.fna	28C	3C	28	3	cervix	cervix	other	0.9720532473841368	0.8263730994111985	False	0.7764173353016681
Fannyhessea_vaginae.fna	28C	3V	28	3	cervix	vagina	between_cervix_vagina	0.9717220167758124	0.8343539453808713	False	0.6434041857732677
Fannyhessea_vaginae.fna	28C	42C	28	42	cervix	cervix	other	0.9789410828660218	0.8592856971594354	False	0.9215295322162304
Fannyhessea_vaginae.fna	28C	42V	28	42	cervix	vagina	between_cervix_vagina	0.9787841648719078	0.863585763266872	False	0.9269465846843855
Fannyhessea_vaginae.fna	28C	5V	28	5	cervix	vagina	between_cervix_vagina	0.9750667291032544	0.5851706976218449	False	0.8792073434184996
Fannyhessea_vaginae.fna	28V	29C	28	29	vagina	cervix	between_cervix_vagina	0.999841446550106	0.8079582392815183	True	0.8713191744823714
Fannyhessea_vaginae.fna	28V	29V	28	29	vagina	vagina	other	0.9998830196654755	0.6968785644067971	True	0.8924898452159367
Fannyhessea_vaginae.fna	28V	30C	28	30	vagina	cervix	between_cervix_vagina	0.9735167766148596	0.7949299363930001	False	0.753900608405786
Fannyhessea_vaginae.fna	28V	31C	28	31	vagina	cervix	between_cervix_vagina	0.9694376362730354	0.6076444858519809	False	0.716913620607852
Fannyhessea_vaginae.fna	28V	37C	28	37	vagina	cervix	between_cervix_vagina	0.9733929619320212	0.8008343923082456	False	0.8076690881958865
Fannyhessea_vaginae.fna	28V	38C	28	38	vagina	cervix	between_cervix_vagina	0.9718685561808704	0.7976674008131557	False	0.8061849053292464
Fannyhessea_vaginae.fna	28V	38V	28	38	vagina	vagina	other	0.9729163414125006	0.7810501149173315	False	0.7974894778879845
Fannyhessea_vaginae.fna	28V	39C	28	39	vagina	cervix	between_cervix_vagina	0.9710625098499936	0.5737741865873834	False	0.7433808619602608
Fannyhessea_vaginae.fna	28V	39V	28	39	vagina	vagina	other	0.9725460029379296	0.4728784822006583	False	0.6646921458966086
Fannyhessea_vaginae.fna	28V	3C	28	3	vagina	cervix	between_cervix_vagina	0.9727397078709892	0.7907908573072694	False	0.7091853525075628
Fannyhessea_vaginae.fna	28V	3V	28	3	vagina	vagina	other	0.9724083719202165	0.7965391215589024	False	0.7316226980147815
Fannyhessea_vaginae.fna	28V	42C	28	42	vagina	cervix	between_cervix_vagina	0.9789199377616982	0.8123096842256695	False	0.9227771206207461
Fannyhessea_vaginae.fna	28V	42V	28	42	vagina	vagina	other	0.978702616074484	0.8147320251139754	False	0.9461835120358644
Fannyhessea_vaginae.fna	28V	5V	28	5	vagina	vagina	other	0.9748712734195838	0.5699598217496892	False	0.774815077735439
Fannyhessea_vaginae.fna	29C	29V	29	29	cervix	vagina	within_cervix_vagina	0.9999980412512488	0.6994783335445575	True	0.31899086485471423
Fannyhessea_vaginae.fna	29C	30C	29	30	cervix	cervix	other	0.9702620714507224	0.7908353856324221	False	0.7688056519529782
Fannyhessea_vaginae.fna	29C	31C	29	31	cervix	cervix	other	0.9663661734112676	0.6055790566160528	False	0.7696773383292994
Fannyhessea_vaginae.fna	29C	37C	29	37	cervix	cervix	other	0.9705693864997516	0.798511383837588	False	0.8892369148948036
Fannyhessea_vaginae.fna	29C	38C	29	38	cervix	cervix	other	0.969227702799645	0.7973783092252414	False	0.7678357501931307
Fannyhessea_vaginae.fna	29C	38V	29	38	cervix	vagina	between_cervix_vagina	0.970226918121613	0.7810891628332346	False	0.6648082724024825
Fannyhessea_vaginae.fna	29C	39C	29	39	cervix	cervix	other	0.9682310650873404	0.5721026617662675	False	0.8352716043199657
Fannyhessea_vaginae.fna	29C	39V	29	39	cervix	vagina	between_cervix_vagina	0.9698950462834404	0.4711966816121994	False	0.8862085719697932
Fannyhessea_vaginae.fna	29C	3C	29	3	cervix	cervix	other	0.96920254373452	0.7904764188265758	False	0.8384268085529625
Fannyhessea_vaginae.fna	29C	3V	29	3	cervix	vagina	between_cervix_vagina	0.968897764252321	0.7955273010012023	False	0.6739136290888686
Fannyhessea_vaginae.fna	29C	42C	29	42	cervix	cervix	other	0.9765916166507458	0.8082171886185601	False	0.932174762711134
Fannyhessea_vaginae.fna	29C	42V	29	42	cervix	vagina	between_cervix_vagina	0.9763888548636848	0.810938211810967	False	0.9374820795270767
Fannyhessea_vaginae.fna	29C	5V	29	5	cervix	vagina	between_cervix_vagina	0.9721944954216704	0.5696378477062775	False	0.9003169912750751
Fannyhessea_vaginae.fna	29V	30C	29	30	vagina	cervix	between_cervix_vagina	0.9708982006935772	0.6791473853309996	False	0.8687278333734453
Fannyhessea_vaginae.fna	29V	31C	29	31	vagina	cervix	between_cervix_vagina	0.9670114188213677	0.5219404759050382	False	0.8300971898565533
Fannyhessea_vaginae.fna	29V	37C	29	37	vagina	cervix	between_cervix_vagina	0.9710099881890316	0.6832549520635454	False	0.9034894603798189
Fannyhessea_vaginae.fna	29V	38C	29	38	vagina	cervix	between_cervix_vagina	0.9694683485800693	0.6818279905051909	False	0.8468849037322945
Fannyhessea_vaginae.fna	29V	38V	29	38	vagina	vagina	other	0.9704842364451424	0.6699471483032996	False	0.7639780299761331
Fannyhessea_vaginae.fna	29V	39C	29	39	vagina	cervix	between_cervix_vagina	0.9685656634803564	0.4963592956304012	False	0.8633882318880854
Fannyhessea_vaginae.fna	29V	39V	29	39	vagina	vagina	other	0.9703272481587274	0.4096304491537905	False	0.8884101300403927
Fannyhessea_vaginae.fna	29V	3C	29	3	vagina	cervix	between_cervix_vagina	0.9700980029904022	0.6767120284707261	False	0.8700930664625832
Fannyhessea_vaginae.fna	29V	3V	29	3	vagina	vagina	other	0.9697936444337956	0.6804846051878924	False	0.7301929237703046
Fannyhessea_vaginae.fna	29V	42C	29	42	vagina	cervix	between_cervix_vagina	0.9765534794152888	0.6912008604242522	False	0.9331841466763399
Fannyhessea_vaginae.fna	29V	42V	29	42	vagina	vagina	other	0.976345229225993	0.6933115030364893	False	0.9378314103832325
Fannyhessea_vaginae.fna	29V	5V	29	5	vagina	vagina	other	0.972576582488774	0.4968874700718276	False	0.9032283752997452
Fannyhessea_vaginae.fna	30C	31C	30	31	cervix	cervix	other	0.9680509161949782	0.6283782441453816	False	0.48337459734326255
Fannyhessea_vaginae.fna	30C	37C	30	37	cervix	cervix	other	0.9714925820591976	0.8454695854412928	False	0.7141698044486418
Fannyhessea_vaginae.fna	30C	38C	30	38	cervix	cervix	other	0.971390107681952	0.8284337332890334	False	0.6063210048515182
Fannyhessea_vaginae.fna	30C	38V	30	38	cervix	vagina	between_cervix_vagina	0.9723699717209014	0.8074074581519375	False	0.5977499727766595
Fannyhessea_vaginae.fna	30C	39C	30	39	cervix	cervix	other	0.9683586249685666	0.5829826442289578	False	0.5062551847704193
Fannyhessea_vaginae.fna	30C	39V	30	39	cervix	vagina	between_cervix_vagina	0.9697322119557548	0.4806572380792536	False	0.8728218183824487
Fannyhessea_vaginae.fna	30C	3C	30	3	cervix	cervix	other	0.9697818657862524	0.8220894745315106	False	0.6522292689124355
Fannyhessea_vaginae.fna	30C	3V	30	3	cervix	vagina	between_cervix_vagina	0.9694603100594474	0.8286645955286711	False	0.8129540237002734
Fannyhessea_vaginae.fna	30C	42C	30	42	cervix	cervix	other	0.977057770650598	0.8458395130656382	False	0.9414202947433834
Fannyhessea_vaginae.fna	30C	42V	30	42	cervix	vagina	between_cervix_vagina	0.97676455219307	0.8495237181836554	False	0.9667813329324618
Fannyhessea_vaginae.fna	30C	5V	30	5	cervix	vagina	between_cervix_vagina	0.9735588594529202	0.5883568705493083	False	0.7760539860759389
Fannyhessea_vaginae.fna	31C	37C	31	37	cervix	cervix	other	0.9694250202532724	0.6426601906497368	False	0.50426989490418
Fannyhessea_vaginae.fna	31C	38C	31	38	cervix	cervix	other	0.969863974467866	0.6387910217195469	False	0.5330172745180368
Fannyhessea_vaginae.fna	31C	38V	31	38	cervix	vagina	between_cervix_vagina	0.9704630366876952	0.6263504927230441	False	0.44299784276827014
Fannyhessea_vaginae.fna	31C	39C	31	39	cervix	cervix	other	0.977084257220136	0.5453027754847594	False	0.271572727630114
Fannyhessea_vaginae.fna	31C	39V	31	39	cervix	vagina	between_cervix_vagina	0.977892838797885	0.4494463074030053	False	0.6785941225191215
Fannyhessea_vaginae.fna	31C	3C	31	3	cervix	cervix	other	0.9667312276030302	0.6256907884596282	False	0.5587798380685163
Fannyhessea_vaginae.fna	31C	3V	31	3	cervix	vagina	between_cervix_vagina	0.9665588457544836	0.6300655251430901	False	0.7291709287117056
Fannyhessea_vaginae.fna	31C	42C	31	42	cervix	cervix	other	0.9746196983882442	0.6460943520957427	False	0.8761743521686352
Fannyhessea_vaginae.fna	31C	42V	31	42	cervix	vagina	between_cervix_vagina	0.9743127209755392	0.6456004302121261	False	0.9270115763692091
Fannyhessea_vaginae.fna	31C	5V	31	5	cervix	vagina	between_cervix_vagina	0.9710399460244844	0.4630000445283251	False	0.5645712331412751
Fannyhessea_vaginae.fna	37C	38C	37	38	cervix	cervix	other	0.9776506541232756	0.8522776238315596	False	0.34577425688676816
Fannyhessea_vaginae.fna	37C	38V	37	38	cervix	vagina	between_cervix_vagina	0.9782860851948474	0.8274342436521447	False	0.48890519995190773
Fannyhessea_vaginae.fna	37C	39C	37	39	cervix	cervix	other	0.9729734384831964	0.5966000911118038	False	0.45192022057754505
Fannyhessea_vaginae.fna	37C	39V	37	39	cervix	vagina	between_cervix_vagina	0.9734340414342696	0.4923990148964374	False	0.4952331108799675
Fannyhessea_vaginae.fna	37C	3C	37	3	cervix	cervix	other	0.9697845124889264	0.8382587369711834	False	0.5073235556355178
Fannyhessea_vaginae.fna	37C	3V	37	3	cervix	vagina	between_cervix_vagina	0.9695617671827428	0.846010775854687	False	0.6610472948138085
Fannyhessea_vaginae.fna	37C	42C	37	42	cervix	cervix	other	0.9835293782867928	0.8666589027535632	False	0.7579347804856078
Fannyhessea_vaginae.fna	37C	42V	37	42	cervix	vagina	between_cervix_vagina	0.9832687694980552	0.8702334996865891	False	0.8308576790577581
Fannyhessea_vaginae.fna	37C	5V	37	5	cervix	vagina	between_cervix_vagina	0.979075945458986	0.5946545458282098	False	0.5426829028768712
Fannyhessea_vaginae.fna	38C	38V	38	38	cervix	vagina	within_cervix_vagina	0.9999984131278756	0.8633980592500745	True	0.3172712011126508
Fannyhessea_vaginae.fna	38C	39C	38	39	cervix	cervix	other	0.9739263750441136	0.5920520364858246	False	0.4810048602770296
Fannyhessea_vaginae.fna	38C	39V	38	39	cervix	vagina	between_cervix_vagina	0.974959563297717	0.4857923815460919	False	0.6775244873892551
Fannyhessea_vaginae.fna	38C	3C	38	3	cervix	cervix	other	0.966671613540284	0.8262737669935503	False	0.6991334513244045
Fannyhessea_vaginae.fna	38C	3V	38	3	cervix	vagina	between_cervix_vagina	0.966386388757303	0.8329783626592315	False	0.765634061104296
Fannyhessea_vaginae.fna	38C	42C	38	42	cervix	cervix	other	0.9865136792508208	0.8752658854799982	False	0.8095807028426055
Fannyhessea_vaginae.fna	38C	42V	38	42	cervix	vagina	between_cervix_vagina	0.9863419565919485	0.8781547462056729	False	0.886306116761182
Fannyhessea_vaginae.fna	38C	5V	38	5	cervix	vagina	between_cervix_vagina	0.9831840434596872	0.599747216123364	False	0.6000290835745685
Fannyhessea_vaginae.fna	38V	39C	38	39	vagina	cervix	between_cervix_vagina	0.9744513381738112	0.5836512541574042	False	0.47111515494502276
Fannyhessea_vaginae.fna	38V	39V	38	39	vagina	vagina	other	0.9755325322835636	0.4792494579532727	False	0.5715022043369118
Fannyhessea_vaginae.fna	38V	3C	38	3	vagina	cervix	between_cervix_vagina	0.9678534525647076	0.8055276777793382	False	0.6615651168566065
Fannyhessea_vaginae.fna	38V	3V	38	3	vagina	vagina	other	0.96758845941716	0.8110738519398936	False	0.6896953749528698
Fannyhessea_vaginae.fna	38V	42C	38	42	vagina	cervix	between_cervix_vagina	0.9869450939288882	0.8496689490287688	False	0.795730509104414
Fannyhessea_vaginae.fna	38V	42V	38	42	vagina	vagina	other	0.9867858965833174	0.8508897101891084	False	0.8792077702972725
Fannyhessea_vaginae.fna	38V	5V	38	5	vagina	vagina	other	0.9834366955435562	0.5945024644715344	False	0.418708258468812
Fannyhessea_vaginae.fna	39C	39V	39	39	cervix	vagina	within_cervix_vagina	0.9998455256972546	0.452342018640242	False	0.671872635312406
Fannyhessea_vaginae.fna	39C	3C	39	3	cervix	cervix	other	0.9670946880052488	0.5847185638587562	False	0.5604113920140998
Fannyhessea_vaginae.fna	39C	3V	39	3	cervix	vagina	between_cervix_vagina	0.966928233498176	0.5883212478891862	False	0.7446776329285838
Fannyhessea_vaginae.fna	39C	42C	39	42	cervix	cervix	other	0.9786736640128956	0.598374373606349	False	0.8784788060756651
Fannyhessea_vaginae.fna	39C	42V	39	42	cervix	vagina	between_cervix_vagina	0.9784273187749796	0.6000835762410558	False	0.9269499487736389
Fannyhessea_vaginae.fna	39C	5V	39	5	cervix	vagina	between_cervix_vagina	0.974832515428072	0.4358144744458792	False	0.5346781656590736
Fannyhessea_vaginae.fna	39V	3C	39	3	vagina	cervix	between_cervix_vagina	0.9690751939753536	0.4803030666315007	False	0.5343735829981805
Fannyhessea_vaginae.fna	39V	3V	39	3	vagina	vagina	other	0.9689318463444856	0.4837317476682571	False	0.555314992854736
Fannyhessea_vaginae.fna	39V	42C	39	42	vagina	cervix	between_cervix_vagina	0.9797429191783956	0.4937745976180771	False	0.6865865614314017
Fannyhessea_vaginae.fna	39V	42V	39	42	vagina	vagina	other	0.9794935690095542	0.4953872080397604	False	0.7102343910258121
Fannyhessea_vaginae.fna	39V	5V	39	5	vagina	vagina	other	0.9760910261132396	0.3608205542748904	False	0.5133388833609775
Fannyhessea_vaginae.fna	3C	3V	3	3	cervix	vagina	within_cervix_vagina	0.99999122366101	0.8586225676402386	True	0.3803243545186398
Fannyhessea_vaginae.fna	3C	42C	3	42	cervix	cervix	other	0.9718565102367098	0.8376839790511357	False	0.7970828335932785
Fannyhessea_vaginae.fna	3C	42V	3	42	cervix	vagina	between_cervix_vagina	0.971555305733418	0.8409276962757194	False	0.87763442815041
Fannyhessea_vaginae.fna	3C	5V	3	5	cervix	vagina	between_cervix_vagina	0.9690389441769552	0.5824948878057469	False	0.6159227174406153
Fannyhessea_vaginae.fna	3V	42C	3	42	vagina	cervix	between_cervix_vagina	0.9716293559136424	0.84575456672227	False	0.7851181952450008
Fannyhessea_vaginae.fna	3V	42V	3	42	vagina	vagina	other	0.9713699881554896	0.8496257908059285	False	0.8012921809576167
Fannyhessea_vaginae.fna	3V	5V	3	5	vagina	vagina	other	0.9688339967220791	0.5851706976218449	False	0.7405157700781704
Fannyhessea_vaginae.fna	42C	42V	42	42	cervix	vagina	within_cervix_vagina	0.9999858385867209	0.9191153249368896	True	0.2875804750689081
Fannyhessea_vaginae.fna	42C	5V	42	5	cervix	vagina	between_cervix_vagina	0.9886269271858243	0.6046939705222487	False	0.7284641476301276
Fannyhessea_vaginae.fna	42V	5V	42	5	vagina	vagina	other	0.9885814340142342	0.6048645482601414	False	0.8300703177431683
G_vaginalis.fna	1C	1V	1	1	cervix	vagina	within_cervix_vagina	0.9999893392109817	0.9000969170076154	True	0.438576884193625
G_vaginalis.fna	1C	21C	1	21	cervix	cervix	other	0.9878524286742324	0.8567295547695043	False	0.8058179470731233
G_vaginalis.fna	1C	21V	1	21	cervix	vagina	between_cervix_vagina	0.9878167351370118	0.8567793326880196	False	0.852298061353441
G_vaginalis.fna	1C	22C	1	22	cervix	cervix	other	0.9848564628263284	0.8166595298325663	False	0.7676311107616074
G_vaginalis.fna	1C	22V	1	22	cervix	vagina	between_cervix_vagina	0.9848984971394914	0.8227054478633278	False	0.7531029791090261
G_vaginalis.fna	1C	24C	1	24	cervix	cervix	other	0.9852010096959696	0.780720472398444	False	0.6654011430772784
G_vaginalis.fna	1C	27C	1	27	cervix	cervix	other	0.9923019196125196	0.8798810847508045	False	0.43246861483724325
G_vaginalis.fna	1C	27V	1	27	cervix	vagina	between_cervix_vagina	0.992357686159276	0.8808868385983978	False	0.4214250562977606
G_vaginalis.fna	1C	28V	1	28	cervix	vagina	between_cervix_vagina	0.9925314584343364	0.852318511508295	False	0.7458625832691773
G_vaginalis.fna	1C	29C	1	29	cervix	cervix	other	0.9910175055157484	0.8693059758691045	False	0.49239262066563333
G_vaginalis.fna	1C	29V	1	29	cervix	vagina	between_cervix_vagina	0.9909606402891272	0.8708700820316108	False	0.6721634980159727
G_vaginalis.fna	1C	2V	1	2	cervix	vagina	between_cervix_vagina	0.9999964307792466	0.8401469108303556	True	0.708148084023917
G_vaginalis.fna	1C	30C	1	30	cervix	cervix	other	0.9871622830213662	0.7745138256669342	False	0.7098384324617184
G_vaginalis.fna	1C	31C	1	31	cervix	cervix	other	0.9882280222579284	0.794654091445035	False	0.7183012465616887
G_vaginalis.fna	1C	31V	1	31	cervix	vagina	between_cervix_vagina	0.9881420549714524	0.7884378489701969	False	0.7899109465213727
G_vaginalis.fna	1C	33V	1	33	cervix	vagina	between_cervix_vagina	0.9913806280247516	0.5924717795186055	False	0.7745977736334305
G_vaginalis.fna	1C	34C	1	34	cervix	cervix	other	0.9903477598680036	0.8505546939377692	False	0.7295365900478313
G_vaginalis.fna	1C	35V	1	35	cervix	vagina	between_cervix_vagina	0.9926245782120734	0.5941702260877075	False	0.9223688954236872
G_vaginalis.fna	1C	38C	1	38	cervix	cervix	other	0.994094535063698	0.8815039648411964	False	0.7332140913933682
G_vaginalis.fna	1C	38V	1	38	cervix	vagina	between_cervix_vagina	0.9942457254828876	0.8881975955466155	False	0.6178576154194472
G_vaginalis.fna	1C	39C	1	39	cervix	cervix	other	0.9882208786703102	0.7591426443229783	False	0.7826642458118332
G_vaginalis.fna	1C	39V	1	39	cervix	vagina	between_cervix_vagina	0.9883661515633524	0.8309985690347762	False	0.8082870483696412
G_vaginalis.fna	1C	3C	1	3	cervix	cervix	other	0.9921921348738728	0.8420846512487061	False	0.8413210761220151
G_vaginalis.fna	1C	3V	1	3	cervix	vagina	between_cervix_vagina	0.9914824313446526	0.8650040841882541	False	0.6491404165127874
G_vaginalis.fna	1C	42C	1	42	cervix	cervix	other	0.9837104374339128	0.4673558809312189	False	0.935445490864108
G_vaginalis.fna	1C	42V	1	42	cervix	vagina	between_cervix_vagina	0.9844358823481996	0.7440359456545077	False	0.9466411677132925
G_vaginalis.fna	1C	4C	1	4	cervix	cervix	other	0.9904603477807304	0.8508485635771972	False	0.5516536203556401
G_vaginalis.fna	1C	5V	1	5	cervix	vagina	between_cervix_vagina	0.9918514227565414	0.6978000558952049	False	0.8867603275254328
G_vaginalis.fna	1C	7V	1	7	cervix	vagina	between_cervix_vagina	0.995130058913978	0.8818781988309986	False	0.905795000226102
G_vaginalis.fna	1V	21C	1	21	vagina	cervix	between_cervix_vagina	0.9878456885820228	0.8561064311871254	False	0.8512347463931501
G_vaginalis.fna	1V	21V	1	21	vagina	vagina	other	0.9878057750246748	0.8561568088395988	False	0.8829221274347073
G_vaginalis.fna	1V	22C	1	22	vagina	cervix	between_cervix_vagina	0.9848794523266196	0.8160370059841454	False	0.568900538395405
G_vaginalis.fna	1V	22V	1	22	vagina	vagina	other	0.984948247974897	0.8220379439680557	False	0.5213272634745296
G_vaginalis.fna	1V	24C	1	24	vagina	cervix	between_cervix_vagina	0.9852431055964594	0.7802652743243097	False	0.7035564544853808
G_vaginalis.fna	1V	27C	1	27	vagina	cervix	between_cervix_vagina	0.992315560137804	0.8789454997762992	False	0.6367846403539571
G_vaginalis.fna	1V	27V	1	27	vagina	vagina	other	0.9923894538698812	0.8799932350009536	False	0.5620872470629076
G_vaginalis.fna	1V	28V	1	28	vagina	vagina	other	0.9925642498367008	0.8520444330894815	False	0.2707608454979186
G_vaginalis.fna	1V	29C	1	29	vagina	cervix	between_cervix_vagina	0.9910239811397322	0.8689977126146842	False	0.6790793803373151
G_vaginalis.fna	1V	29V	1	29	vagina	vagina	other	0.99096265187402	0.8705330315472056	False	0.7664892707799833
G_vaginalis.fna	1V	2V	1	2	vagina	vagina	other	0.999999285980513	0.8399406023487981	True	0.2341081985212519
G_vaginalis.fna	1V	30C	1	30	vagina	cervix	between_cervix_vagina	0.9871917390240352	0.7744220663713577	False	0.8602029063300529
G_vaginalis.fna	1V	31C	1	31	vagina	cervix	between_cervix_vagina	0.9882522747339316	0.7940483601474386	False	0.8379774719746605
G_vaginalis.fna	1V	31V	1	31	vagina	vagina	other	0.9881735980851114	0.7874980658579854	False	0.8626414779804995
G_vaginalis.fna	1V	33V	1	33	vagina	vagina	other	0.9914190777407452	0.592191104026254	False	0.21817858036223534
G_vaginalis.fna	1V	34C	1	34	vagina	cervix	between_cervix_vagina	0.9903660628054256	0.8501162884144593	False	0.8452130986591154
G_vaginalis.fna	1V	35V	1	35	vagina	vagina	other	0.9926427848646376	0.5932766224902634	False	0.9541931203063481
G_vaginalis.fna	1V	38C	1	38	vagina	cervix	between_cervix_vagina	0.9941191211640816	0.8807021205393287	False	0.8287295570081923
G_vaginalis.fna	1V	38V	1	38	vagina	vagina	other	0.9942645498354252	0.8873483722620645	False	0.7407372400443193
G_vaginalis.fna	1V	39C	1	39	vagina	cervix	between_cervix_vagina	0.9882529608655962	0.7588163890498175	False	0.873591424152653
G_vaginalis.fna	1V	39V	1	39	vagina	vagina	other	0.9883681124796156	0.8304168270955005	False	0.7551745052410724
G_vaginalis.fna	1V	3C	1	3	vagina	cervix	between_cervix_vagina	0.9922131407616877	0.841121478512132	False	0.8966814187334043
G_vaginalis.fna	1V	3V	1	3	vagina	vagina	other	0.991494507737346	0.8639053715771684	False	0.7427371183327461
G_vaginalis.fna	1V	42C	1	42	vagina	cervix	between_cervix_vagina	0.9837025696484282	0.4669462626378938	False	0.9417476264598634
G_vaginalis.fna	1V	42V	1	42	vagina	vagina	other	0.9844574384909764	0.7432928752805256	False	0.9545784208203962
G_vaginalis.fna	1V	4C	1	4	vagina	cervix	between_cervix_vagina	0.990498527434038	0.8499753509343255	False	0.7722025074850418
G_vaginalis.fna	1V	5V	1	5	vagina	vagina	other	0.9918968828673388	0.6972740892140247	False	0.9222943152724657
G_vaginalis.fna	1V	7V	1	7	vagina	vagina	other	0.9951889299777248	0.8809516098658635	False	0.9184224935037762
G_vaginalis.fna	21C	21V	21	21	cervix	vagina	within_cervix_vagina	1.0	0.9028664884257344	True	0.15475956912622998
G_vaginalis.fna	21C	22C	21	22	cervix	cervix	other	0.9830522307455328	0.8156747666735036	False	0.6718089140407115
G_vaginalis.fna	21C	22V	21	22	cervix	vagina	between_cervix_vagina	0.9831697300454488	0.8214406089458716	False	0.7625755994163925
G_vaginalis.fna	21C	24C	21	24	cervix	cervix	other	0.9833260461922636	0.7791095869872124	False	0.7759718085306565
G_vaginalis.fna	21C	27C	21	27	cervix	cervix	other	0.9901647824294276	0.8741836121496505	False	0.6871430006184069
G_vaginalis.fna	21C	27V	21	27	cervix	vagina	between_cervix_vagina	0.9902281981780852	0.8757447196423667	False	0.6237907101450214
G_vaginalis.fna	21C	28V	21	28	cervix	vagina	between_cervix_vagina	0.988967207658504	0.8505043162852959	False	0.8858077570429609
G_vaginalis.fna	21C	29C	21	29	cervix	cervix	other	0.9869976768462704	0.866368478942741	False	0.5876373757036973
G_vaginalis.fna	21C	29V	21	29	cervix	vagina	between_cervix_vagina	0.9869114720226068	0.8684519547128894	False	0.3461876959466028
G_vaginalis.fna	21C	2V	21	2	cervix	vagina	between_cervix_vagina	0.988716080695113	0.7968695086859469	False	0.9704940937638156
G_vaginalis.fna	21C	30C	21	30	cervix	cervix	other	0.9851810025820392	0.7732315944646955	False	0.8701600559837976
G_vaginalis.fna	21C	31C	21	31	cervix	cervix	other	0.9861594722086584	0.7885074181093267	False	0.7556566453041316
G_vaginalis.fna	21C	31V	21	31	cervix	vagina	between_cervix_vagina	0.9861446822873318	0.7818221836793199	False	0.7158657117219186
G_vaginalis.fna	21C	33V	21	33	cervix	vagina	between_cervix_vagina	0.989191012252654	0.5832556677857702	False	0.9729280923113586
G_vaginalis.fna	21C	34C	21	34	cervix	cervix	other	0.9886198517996918	0.8448866083005578	False	0.9312560918572604
G_vaginalis.fna	21C	35V	21	35	cervix	vagina	between_cervix_vagina	0.989558883460838	0.581289140137435	False	0.9046087547793867
G_vaginalis.fna	21C	38C	21	38	cervix	cervix	other	0.9912069651556666	0.87269027459419	False	0.7235603543098911
G_vaginalis.fna	21C	38V	21	38	cervix	vagina	between_cervix_vagina	0.9913412058738466	0.8792243760667767	False	0.7537809767220035
G_vaginalis.fna	21C	39C	21	39	cervix	cervix	other	0.9865486155067956	0.7627206571165032	False	0.8088301404649073
G_vaginalis.fna	21C	39V	21	39	cervix	vagina	between_cervix_vagina	0.986695563917184	0.8337579449756088	False	0.7720427590737189
G_vaginalis.fna	21C	3C	21	3	cervix	cervix	other	0.9880757873332812	0.8211239494160391	False	0.8085762951874447
G_vaginalis.fna	21C	3V	21	3	cervix	vagina	between_cervix_vagina	0.9870803176892032	0.845961331553323	False	0.7200131045486479
G_vaginalis.fna	21C	42C	21	42	cervix	cervix	other	0.9815512537352216	0.4708475320347893	False	0.839057124752142
G_vaginalis.fna	21C	42V	21	42	cervix	vagina	between_cervix_vagina	0.982517448607829	0.7420796134834587	False	0.8547331399572586
G_vaginalis.fna	21C	4C	21	4	cervix	cervix	other	0.987837074979926	0.8350371775080574	False	0.909656903010706
G_vaginalis.fna	21C	5V	21	5	cervix	vagina	between_cervix_vagina	0.9893580296777288	0.694920133428811	False	0.8327842781664789
G_vaginalis.fna	21C	7V	21	7	cervix	vagina	between_cervix_vagina	0.991592473472352	0.8687644161050159	False	0.8225170598261735
G_vaginalis.fna	21V	22C	21	22	vagina	cervix	between_cervix_vagina	0.9830175582050306	0.8155986004608355	False	0.6594082927770606
G_vaginalis.fna	21V	22V	21	22	vagina	vagina	other	0.9831361577482558	0.8214412086798296	False	0.7296485894186177
G_vaginalis.fna	21V	24C	21	24	vagina	cervix	between_cervix_vagina	0.9832966356147508	0.7789944380672733	False	0.7982703895629548
G_vaginalis.fna	21V	27C	21	27	vagina	cervix	between_cervix_vagina	0.9901196047841914	0.8741926081590207	False	0.7484070658465163
G_vaginalis.fna	21V	27V	21	27	vagina	vagina	other	0.9901822945736222	0.8757429204404926	False	0.6963776593506649
G_vaginalis.fna	21V	28V	21	28	vagina	vagina	other	0.988929069601802	0.8504455423574102	False	0.9104971600814705
G_vaginalis.fna	21V	29C	21	29	vagina	cervix	between_cervix_vagina	0.9869566692258114	0.8663115042167294	False	0.6801169493726937
G_vaginalis.fna	21V	29V	21	29	vagina	vagina	other	0.9868737547608276	0.8684237672168627	False	0.47351701623251585
G_vaginalis.fna	21V	2V	21	2	vagina	vagina	other	0.9886775754282692	0.7969138889988401	False	0.9769465982784283
G_vaginalis.fna	21V	30C	21	30	vagina	cervix	between_cervix_vagina	0.9851570517967227	0.7731152460768403	False	0.9030165873367616
G_vaginalis.fna	21V	31C	21	31	vagina	cervix	between_cervix_vagina	0.9861367352171204	0.788295712022147	False	0.807571661408867
G_vaginalis.fna	21V	31V	21	31	vagina	vagina	other	0.9861137749817792	0.7817232275762471	False	0.7206545535100058
G_vaginalis.fna	21V	33V	21	33	vagina	vagina	other	0.9891737000931848	0.5830985374887699	False	0.9785308558490496
G_vaginalis.fna	21V	34C	21	34	vagina	cervix	between_cervix_vagina	0.9885891424004044	0.8448728144195236	False	0.9480312446812249
G_vaginalis.fna	21V	35V	21	35	vagina	vagina	other	0.9895090356628818	0.5812711481186945	False	0.9136140532504987
G_vaginalis.fna	21V	38C	21	38	vagina	cervix	between_cervix_vagina	0.9911640697364408	0.8727976269726749	False	0.7854856049072074
G_vaginalis.fna	21V	38V	21	38	vagina	vagina	other	0.9913003862857642	0.8793731100883648	False	0.804047419242831
G_vaginalis.fna	21V	39C	21	39	vagina	cervix	between_cervix_vagina	0.9865188068975008	0.7625467342686784	False	0.8464446180192986
G_vaginalis.fna	21V	39V	21	39	vagina	vagina	other	0.986665669241271	0.8337777361962233	False	0.6874533148316687
G_vaginalis.fna	21V	3C	21	3	vagina	cervix	between_cervix_vagina	0.988026865050235	0.8210747712314818	False	0.8392625264979484
G_vaginalis.fna	21V	3V	21	3	vagina	vagina	other	0.9870297449480948	0.8458995589556473	False	0.7612370877760728
G_vaginalis.fna	21V	42C	21	42	vagina	cervix	between_cervix_vagina	0.9815473756225084	0.4707485759317167	False	0.8513075152823992
G_vaginalis.fna	21V	42V	21	42	vagina	vagina	other	0.9824899815186392	0.7421485828886306	False	0.7986428563500619
G_vaginalis.fna	21V	4C	21	4	vagina	cervix	between_cervix_vagina	0.9877994822716838	0.8349712067726757	False	0.9312182018777521
G_vaginalis.fna	21V	5V	21	5	vagina	vagina	other	0.9893192499402502	0.6950922570747616	False	0.8430452794601793
G_vaginalis.fna	21V	7V	21	7	vagina	vagina	other	0.9915468574410572	0.8688297871064395	False	0.7053446027019376
G_vaginalis.fna	22C	22V	22	22	cervix	vagina	within_cervix_vagina	0.9999846627584588	0.860268584855758	True	0.21488888040226176
G_vaginalis.fna	22C	24C	22	24	cervix	cervix	other	0.9999795827888744	0.8224703521517854	True	0.4329710646685089
G_vaginalis.fna	22C	27C	22	27	cervix	cervix	other	0.986319159457011	0.830808453370085	False	0.6768143741487332
G_vaginalis.fna	22C	27V	22	27	cervix	vagina	between_cervix_vagina	0.9863691429798636	0.8321830436018582	False	0.635001222844419
G_vaginalis.fna	22C	28V	22	28	cervix	vagina	between_cervix_vagina	0.987798585028748	0.8181978474348779	False	0.46942320766087153
G_vaginalis.fna	22C	29C	22	29	cervix	cervix	other	0.98484009545152	0.8253514740860954	False	0.8566554946301806
G_vaginalis.fna	22C	29V	22	29	cervix	vagina	between_cervix_vagina	0.9847739118134567	0.8267662464930556	False	0.8755624929807209
G_vaginalis.fna	22C	2V	22	2	cervix	vagina	between_cervix_vagina	0.9853290830323664	0.7640304760808105	False	0.5825424073304455
G_vaginalis.fna	22C	30C	22	30	cervix	cervix	other	0.995200238497466	0.7845659665372441	False	0.7831789452583645
G_vaginalis.fna	22C	31C	22	31	cervix	cervix	other	0.995622320660921	0.8063710937827979	False	0.5972336702742669
G_vaginalis.fna	22C	31V	22	31	cervix	vagina	between_cervix_vagina	0.9953131395517946	0.8000103154240779	False	0.5043886147995361
G_vaginalis.fna	22C	33V	22	33	cervix	vagina	between_cervix_vagina	0.985076167520658	0.5635729990176358	False	0.6221455920309299
G_vaginalis.fna	22C	34C	22	34	cervix	cervix	other	0.984544784155644	0.7986381241281367	False	0.8892039830832579
G_vaginalis.fna	22C	35V	22	35	cervix	vagina	between_cervix_vagina	0.9858252580094304	0.5559539788149976	False	0.7825137030597051
G_vaginalis.fna	22C	38C	22	38	cervix	cervix	other	0.9877224365211956	0.8425296538455541	False	0.4536937769831627
G_vaginalis.fna	22C	38V	22	38	cervix	vagina	between_cervix_vagina	0.9879007198761292	0.8501858575535892	False	0.571561387417031
G_vaginalis.fna	22C	39C	22	39	cervix	cervix	other	0.996136504007662	0.7758440355858142	False	0.5847926643968331
G_vaginalis.fna	22C	39V	22	39	cervix	vagina	between_cervix_vagina	0.9965056885556106	0.8370468860013698	False	0.4255351087706065
G_vaginalis.fna	22C	3C	22	3	cervix	cervix	other	0.9877493343825036	0.7987532730480759	False	0.6006666149495684
G_vaginalis.fna	22C	3V	22	3	cervix	vagina	between_cervix_vagina	0.9871133225730176	0.8167141056227457	False	0.6371012762171454
G_vaginalis.fna	22C	42C	22	42	cervix	cervix	other	0.991118080594314	0.4792108220793256	False	0.7702675577470643
G_vaginalis.fna	22C	42V	22	42	cervix	vagina	between_cervix_vagina	0.99207916673666	0.7497400153292	False	0.8251226961616221
G_vaginalis.fna	22C	4C	22	4	cervix	cervix	other	0.985020776904324	0.7975514061962113	False	0.8410588481311077
G_vaginalis.fna	22C	5V	22	5	cervix	vagina	between_cervix_vagina	0.98715096513947	0.6666648674647926	False	0.5793424491900864
G_vaginalis.fna	22C	7V	22	7	cervix	vagina	between_cervix_vagina	0.9893212458095104	0.8413541752878423	False	0.7041304693427878
G_vaginalis.fna	22V	24C	22	24	vagina	cervix	between_cervix_vagina	0.9999868993058816	0.8240182654974253	True	0.43847273425761
G_vaginalis.fna	22V	27C	22	27	vagina	cervix	between_cervix_vagina	0.9863781184422352	0.837090066846347	False	0.6994231859259905
G_vaginalis.fna	22V	27V	22	27	vagina	vagina	other	0.986413461366522	0.8384730533535324	False	0.6539637530634084
G_vaginalis.fna	22V	28V	22	28	vagina	vagina	other	0.9878305791744224	0.8235522722120467	False	0.4073789684273233
G_vaginalis.fna	22V	29C	22	29	vagina	cervix	between_cervix_vagina	0.9849548508469343	0.8314075875941432	False	0.8442902830744227
G_vaginalis.fna	22V	29V	22	29	vagina	vagina	other	0.9848946296897764	0.8327779796882103	False	0.8658792399418407
G_vaginalis.fna	22V	2V	22	2	vagina	vagina	other	0.9854042272353531	0.7687857666339212	False	0.5407743355386051
G_vaginalis.fna	22V	30C	22	30	vagina	cervix	between_cervix_vagina	0.9952855220911206	0.7876911801924666	False	0.7828179229139353
G_vaginalis.fna	22V	31C	22	31	vagina	cervix	between_cervix_vagina	0.9957314304633506	0.809701416451662	False	0.579885919797612
G_vaginalis.fna	22V	31V	22	31	vagina	vagina	other	0.9954578682371108	0.8031871061996898	False	0.4767465873627615
G_vaginalis.fna	22V	33V	22	33	vagina	vagina	other	0.9851908432480698	0.5668841301998433	False	0.5843014258790025
G_vaginalis.fna	22V	34C	22	34	vagina	cervix	between_cervix_vagina	0.984610220567942	0.8040213361352904	False	0.8890350025675514
G_vaginalis.fna	22V	35V	22	35	vagina	vagina	other	0.9859263406984052	0.5590947855531286	False	0.8114316920362786
G_vaginalis.fna	22V	38C	22	38	vagina	cervix	between_cervix_vagina	0.9878283912760356	0.8482379216579525	False	0.6100389692472674
G_vaginalis.fna	22V	38V	22	38	vagina	vagina	other	0.9880131901135784	0.8562617622822516	False	0.5960958383816961
G_vaginalis.fna	22V	39C	22	39	vagina	cervix	between_cervix_vagina	0.996239961482908	0.7785296442498107	False	0.5705654391279567
G_vaginalis.fna	22V	39V	22	39	vagina	vagina	other	0.9965449136299632	0.8420366725320648	False	0.3706327570217234
G_vaginalis.fna	22V	3C	22	3	vagina	cervix	between_cervix_vagina	0.9878348601277362	0.8042702257278671	False	0.6238194135759529
G_vaginalis.fna	22V	3V	22	3	vagina	vagina	other	0.9872102557001418	0.8229039598034312	False	0.608689801095172
G_vaginalis.fna	22V	42C	22	42	vagina	cervix	between_cervix_vagina	0.9912814160307676	0.4807593351589235	False	0.8190984705805749
G_vaginalis.fna	22V	42V	22	42	vagina	vagina	other	0.9922240059913396	0.7527530787342734	False	0.8228622378795598
G_vaginalis.fna	22V	4C	22	4	vagina	cervix	between_cervix_vagina	0.9851077393473682	0.80341680430561	False	0.8306808868450212
G_vaginalis.fna	22V	5V	22	5	vagina	vagina	other	0.9872349670882636	0.6707700464074137	False	0.6087972012541482
G_vaginalis.fna	22V	7V	22	7	vagina	vagina	other	0.9894333875229044	0.8473886983734016	False	0.6419877989180369
G_vaginalis.fna	24C	27C	24	27	cervix	cervix	other	0.9866559208397472	0.7932585105247312	False	0.6940854449465845
G_vaginalis.fna	24C	27V	24	27	cervix	vagina	between_cervix_vagina	0.9866826990575308	0.7945383427911379	False	0.6256318029030267
G_vaginalis.fna	24C	28V	24	28	cervix	vagina	between_cervix_vagina	0.9880822051857584	0.7844784053793737	False	0.5610901279581041
G_vaginalis.fna	24C	29C	24	29	cervix	cervix	other	0.98519716581273	0.788701731911724	False	0.8417373438329488
G_vaginalis.fna	24C	29V	24	29	cervix	vagina	between_cervix_vagina	0.985123247923852	0.7899833633800046	False	0.8770879094606032
G_vaginalis.fna	24C	2V	24	2	cervix	vagina	between_cervix_vagina	0.985716572500094	0.7343298512779731	False	0.6670398962843127
G_vaginalis.fna	24C	30C	24	30	cervix	cervix	other	0.995256256261797	0.7584313598487711	False	0.5351517633116994
G_vaginalis.fna	24C	31C	24	31	cervix	cervix	other	0.9957264825616768	0.7787317545936623	False	0.35058025141232996
G_vaginalis.fna	24C	31V	24	31	cervix	vagina	between_cervix_vagina	0.9954244253342344	0.7720195321355446	False	0.4460606124548128
G_vaginalis.fna	24C	33V	24	33	cervix	vagina	between_cervix_vagina	0.9853812595761968	0.5432941946952332	False	0.7205942567106767
G_vaginalis.fna	24C	34C	24	34	cervix	cervix	other	0.9848277161496972	0.7639231237023256	False	0.8463258393868329
G_vaginalis.fna	24C	35V	24	35	cervix	vagina	between_cervix_vagina	0.9861684620743268	0.5346274392679408	False	0.7924277219797308
G_vaginalis.fna	24C	38C	24	38	cervix	cervix	other	0.9881088766558356	0.8056556111708846	False	0.5339689475659205
G_vaginalis.fna	24C	38V	24	38	cervix	vagina	between_cervix_vagina	0.9882549220318254	0.8120481754293796	False	0.5022338470932152
G_vaginalis.fna	24C	39C	24	39	cervix	cervix	other	0.99611622921744	0.7520280003790318	False	0.4260444262503482
G_vaginalis.fna	24C	39V	24	39	cervix	vagina	between_cervix_vagina	0.9965105657708312	0.8029831966539643	False	0.6107389337728372
G_vaginalis.fna	24C	3C	24	3	cervix	cervix	other	0.9879411826787696	0.7671478931945789	False	0.5913953949181545
G_vaginalis.fna	24C	3V	24	3	cervix	vagina	between_cervix_vagina	0.9873502048434856	0.781420961661407	False	0.6925555443508685
G_vaginalis.fna	24C	42C	24	42	cervix	cervix	other	0.99124993206469	0.4634708043511898	False	0.878975375077412
G_vaginalis.fna	24C	42V	24	42	cervix	vagina	between_cervix_vagina	0.9921990475985548	0.7246669377464157	False	0.9187080959218195
G_vaginalis.fna	24C	4C	24	4	cervix	cervix	other	0.9853567288232172	0.7630565081329922	False	0.773255722164904
G_vaginalis.fna	24C	5V	24	5	cervix	vagina	between_cervix_vagina	0.9873888583909276	0.639103493690199	False	0.5945650247991747
G_vaginalis.fna	24C	7V	24	7	cervix	vagina	between_cervix_vagina	0.98963086783379	0.8051104530030478	False	0.8230992254046697
G_vaginalis.fna	27C	27V	27	27	cervix	vagina	within_cervix_vagina	0.9999935630923162	0.9317112928704826	True	0.21788348090693402
G_vaginalis.fna	27C	28V	27	28	cervix	vagina	between_cervix_vagina	0.9929778983413852	0.8781508522819277	False	0.8077983618952919
G_vaginalis.fna	27C	29C	27	29	cervix	cervix	other	0.9913202758517076	0.8941709457684571	False	0.42139037158247805
G_vaginalis.fna	27C	29V	27	29	cervix	vagina	between_cervix_vagina	0.9912479195984206	0.8958238125567498	False	0.5894256056741431
G_vaginalis.fna	27C	2V	27	2	cervix	vagina	between_cervix_vagina	0.9932373943845934	0.8196162182455863	False	0.8779644438850978
G_vaginalis.fna	27C	30C	27	30	cervix	cervix	other	0.9882478648740386	0.7880348277504099	False	0.7369749522028028
G_vaginalis.fna	27C	31C	27	31	cervix	cervix	other	0.9891827358177628	0.8117860916897265	False	0.6350477901190212
G_vaginalis.fna	27C	31V	27	31	cervix	vagina	between_cervix_vagina	0.989170834261466	0.8050234915791354	False	0.7293362435229885
G_vaginalis.fna	27C	33V	27	33	cervix	vagina	between_cervix_vagina	0.9963023075572944	0.6082177945863215	False	0.8999549933048757
G_vaginalis.fna	27C	34C	27	34	cervix	cervix	other	0.9922624641022474	0.8641554606376611	False	0.8251233962922746
G_vaginalis.fna	27C	35V	27	35	cervix	vagina	between_cervix_vagina	0.9938319613286112	0.6014803833019673	False	0.5971236101203254
G_vaginalis.fna	27C	38C	27	38	cervix	cervix	other	0.9952616922869992	0.9006816576166813	False	0.7067358730541476
G_vaginalis.fna	27C	38V	27	38	cervix	vagina	between_cervix_vagina	0.995257157287909	0.9095571204613634	False	0.5856762497597471
G_vaginalis.fna	27C	39C	27	39	cervix	cervix	other	0.9893430403882822	0.7784696708540092	False	0.6266318173436363
G_vaginalis.fna	27C	39V	27	39	cervix	vagina	between_cervix_vagina	0.989295552710836	0.8540697346657022	False	0.6512973876840975
G_vaginalis.fna	27C	3C	27	3	cervix	cervix	other	0.9922723137821696	0.8498128230317031	False	0.44857251451364627
G_vaginalis.fna	27C	3V	27	3	cervix	vagina	between_cervix_vagina	0.9913532962727644	0.8740726613674175	False	0.403082699683804
G_vaginalis.fna	27C	42C	27	42	cervix	cervix	other	0.9849800583754824	0.4799886770228727	False	0.8442837323659109
G_vaginalis.fna	27C	42V	27	42	cervix	vagina	between_cervix_vagina	0.9858564909183742	0.7576229184733653	False	0.8846178450695047
G_vaginalis.fna	27C	4C	27	4	cervix	cervix	other	0.9920004797480764	0.8600700729156546	False	0.709225632270013
G_vaginalis.fna	27C	5V	27	5	cervix	vagina	between_cervix_vagina	0.9933865665580996	0.7118710140181815	False	0.7501187054529193
G_vaginalis.fna	27C	7V	27	7	cervix	vagina	between_cervix_vagina	0.9954665322035412	0.9003679967566387	False	0.8549606132872379
G_vaginalis.fna	27V	28V	27	28	vagina	vagina	other	0.9929871735055538	0.8792267750026088	False	0.7425985390114588
G_vaginalis.fna	27V	29C	27	29	vagina	cervix	between_cervix_vagina	0.9913503500044204	0.8954771663290164	False	0.30693701565472836
G_vaginalis.fna	27V	29V	27	29	vagina	vagina	other	0.9912709494872796	0.8972253908166338	False	0.48326286713841243
G_vaginalis.fna	27V	2V	27	2	vagina	vagina	other	0.9932571863140114	0.8201541796059268	False	0.760533428933707
G_vaginalis.fna	27V	30C	27	30	vagina	cervix	between_cervix_vagina	0.9882732581646396	0.7891275430219155	False	0.8062243010194365
G_vaginalis.fna	27V	31C	27	31	vagina	cervix	between_cervix_vagina	0.9891896955779916	0.8130299399186521	False	0.7038196967240735
G_vaginalis.fna	27V	31V	27	31	vagina	vagina	other	0.989201376439556	0.8062451496516145	False	0.7503093583935961
G_vaginalis.fna	27V	33V	27	33	vagina	vagina	other	0.9963142843905656	0.6084043118472645	False	0.7951558737109624
G_vaginalis.fna	27V	34C	27	34	vagina	cervix	between_cervix_vagina	0.992287735898124	0.8648097703858568	False	0.8469387559404578
G_vaginalis.fna	27V	35V	27	35	vagina	vagina	other	0.9938378553943424	0.6019583712665062	False	0.7206070620488942
G_vaginalis.fna	27V	38C	27	38	vagina	cervix	between_cervix_vagina	0.9952868391899852	0.9019243063776908	False	0.7655133292403348
G_vaginalis.fna	27V	38V	27	38	vagina	vagina	other	0.9952777296757028	0.9108525458106784	False	0.6512820741623715
G_vaginalis.fna	27V	39C	27	39	vagina	cervix	between_cervix_vagina	0.9893720468291544	0.7795785789423811	False	0.688193580935568
G_vaginalis.fna	27V	39V	27	39	vagina	vagina	other	0.9893514993711432	0.8554593182464258	False	0.6626652098439063
G_vaginalis.fna	27V	3C	27	3	vagina	cervix	between_cervix_vagina	0.9923067484835622	0.8504983189457157	False	0.6169045632418465
G_vaginalis.fna	27V	3V	27	3	vagina	vagina	other	0.9914256090031104	0.8751491838220565	False	0.49760269985989075
G_vaginalis.fna	27V	42C	27	42	vagina	cervix	between_cervix_vagina	0.98506656622073	0.4808414987111717	False	0.8751116639838553
G_vaginalis.fna	27V	42V	27	42	vagina	vagina	other	0.9859104505921356	0.7588643677664588	False	0.9023994580866707
G_vaginalis.fna	27V	4C	27	4	vagina	cervix	between_cervix_vagina	0.9920250882946606	0.8607687629767435	False	0.74927751669718
G_vaginalis.fna	27V	5V	27	5	vagina	vagina	other	0.9933861754998228	0.7128263902133014	False	0.7793578997223738
G_vaginalis.fna	27V	7V	27	7	vagina	vagina	other	0.9954959508784624	0.9017215962998814	False	0.8583049393849295
G_vaginalis.fna	28V	29C	28	29	vagina	cervix	between_cervix_vagina	0.9995047364224808	0.8876182525431718	True	0.8713191744823714
G_vaginalis.fna	28V	29V	28	29	vagina	vagina	other	0.999462508989132	0.888179003793917	True	0.8924898452159367
G_vaginalis.fna	28V	2V	28	2	vagina	vagina	other	0.99324930503143	0.8001848380058606	False	0.29756656960638533
G_vaginalis.fna	28V	30C	28	30	vagina	cervix	between_cervix_vagina	0.9893971315253776	0.7754272204849929	False	0.753900608405786
G_vaginalis.fna	28V	31C	28	31	vagina	cervix	between_cervix_vagina	0.9904446107242424	0.7950936964362608	False	0.716913620607852
G_vaginalis.fna	28V	31V	28	31	vagina	vagina	other	0.9904105176633964	0.7894525988271602	False	0.6912853527259254
G_vaginalis.fna	28V	33V	28	33	vagina	vagina	other	0.9917322702960754	0.5917017211165128	False	0.19564547305393434
G_vaginalis.fna	28V	34C	28	34	vagina	cervix	between_cervix_vagina	0.9913421925959832	0.8385240307399637	False	0.8780957013767048
G_vaginalis.fna	28V	35V	28	35	vagina	vagina	other	0.9941992523345524	0.5911787531051226	False	0.9201312750044891
G_vaginalis.fna	28V	38C	28	38	vagina	cervix	between_cervix_vagina	0.9944483974044492	0.8740624658901311	False	0.8061849053292464
G_vaginalis.fna	28V	38V	28	38	vagina	vagina	other	0.9945275774579464	0.881448789317059	False	0.7974894778879845
G_vaginalis.fna	28V	39C	28	39	vagina	cervix	between_cervix_vagina	0.9911541116320036	0.7680840779030422	False	0.7433808619602608
G_vaginalis.fna	28V	39V	28	39	vagina	vagina	other	0.9911278522504048	0.8328673400479547	False	0.6646921458966086
G_vaginalis.fna	28V	3C	28	3	vagina	cervix	between_cervix_vagina	0.9922954469408476	0.8280778646592372	False	0.7091853525075628
G_vaginalis.fna	28V	3V	28	3	vagina	vagina	other	0.9914487273931568	0.8474978499537605	False	0.7316226980147815
G_vaginalis.fna	28V	42C	28	42	vagina	cervix	between_cervix_vagina	0.988016566447395	0.4755458478618884	False	0.9227771206207461
G_vaginalis.fna	28V	42V	28	42	vagina	vagina	other	0.987985447296926	0.7485597388998241	False	0.9461835120358644
G_vaginalis.fna	28V	4C	28	4	vagina	cervix	between_cervix_vagina	0.9910521250482104	0.831917961192415	False	0.8489430083844645
G_vaginalis.fna	28V	5V	28	5	vagina	vagina	other	0.9934522123429026	0.6965676026114815	False	0.774815077735439
G_vaginalis.fna	28V	7V	28	7	vagina	vagina	other	0.9953863764102704	0.8749758607081899	False	0.873411545567146
G_vaginalis.fna	29C	29V	29	29	cervix	vagina	within_cervix_vagina	0.9999986866160926	0.9132652755237776	True	0.31899086485471423
G_vaginalis.fna	29C	2V	29	2	cervix	vagina	between_cervix_vagina	0.9917339765260336	0.809848951005334	False	0.9419607998770823
G_vaginalis.fna	29C	30C	29	30	cervix	cervix	other	0.987064232906636	0.7827373776992526	False	0.7688056519529782
G_vaginalis.fna	29C	31C	29	31	cervix	cervix	other	0.987929107647718	0.8012091836061523	False	0.7696773383292994
G_vaginalis.fna	29C	31V	29	31	cervix	vagina	between_cervix_vagina	0.9878438967127297	0.7949515594882111	False	0.8440700586047051
G_vaginalis.fna	29C	33V	29	33	cervix	vagina	between_cervix_vagina	0.9898357387248836	0.5985974621657832	False	0.9712656635587174
G_vaginalis.fna	29C	34C	29	34	cervix	cervix	other	0.989416104642158	0.8518980980037255	False	0.8407745931576261
G_vaginalis.fna	29C	35V	29	35	cervix	vagina	between_cervix_vagina	0.9927270205707636	0.5967670741259178	False	0.9600669595441286
G_vaginalis.fna	29C	38C	29	38	cervix	cervix	other	0.9929561956025368	0.8877909759230805	False	0.7678357501931307
G_vaginalis.fna	29C	38V	29	38	cervix	vagina	between_cervix_vagina	0.9931028619474525	0.8958873843562996	False	0.6648082724024825
G_vaginalis.fna	29C	39C	29	39	cervix	cervix	other	0.9882608847646313	0.7719985414470141	False	0.8352716043199657
G_vaginalis.fna	29C	39V	29	39	cervix	vagina	between_cervix_vagina	0.9884080172531836	0.840932562315357	False	0.8862085719697932
G_vaginalis.fna	29C	3C	29	3	cervix	cervix	other	0.9903355413182756	0.8394884029444538	False	0.8384268085529625
G_vaginalis.fna	29C	3V	29	3	cervix	vagina	between_cervix_vagina	0.9895041302226744	0.8636139008735725	False	0.6739136290888686
G_vaginalis.fna	29C	42C	29	42	cervix	cervix	other	0.9831864534810524	0.4763686828522867	False	0.932174762711134
G_vaginalis.fna	29C	42V	29	42	cervix	vagina	between_cervix_vagina	0.9842283939815272	0.7539831330821648	False	0.9374820795270767
G_vaginalis.fna	29C	4C	29	4	cervix	cervix	other	0.9891073009602942	0.8453657957330128	False	0.7420720145024662
G_vaginalis.fna	29C	5V	29	5	cervix	vagina	between_cervix_vagina	0.9909246601656612	0.7024719834281513	False	0.9003169912750751
G_vaginalis.fna	29C	7V	29	7	cervix	vagina	between_cervix_vagina	0.9935143420484012	0.8881820024637072	False	0.9172948506281571
G_vaginalis.fna	29V	2V	29	2	vagina	vagina	other	0.9916880646554528	0.8109314707995533	False	0.9578304727987527
G_vaginalis.fna	29V	30C	29	30	vagina	cervix	between_cervix_vagina	0.9870041814363816	0.7836891554906243	False	0.8687278333734453
G_vaginalis.fna	29V	31C	29	31	vagina	cervix	between_cervix_vagina	0.9878591297236404	0.802271912179757	False	0.8300971898565533
G_vaginalis.fna	29V	31V	29	31	vagina	vagina	other	0.9877644488804354	0.7961618226154877	False	0.8645116751240903
G_vaginalis.fna	29V	33V	29	33	vagina	vagina	other	0.9897652685503884	0.599398106999735	False	0.976563023395958
G_vaginalis.fna	29V	34C	29	34	vagina	cervix	between_cervix_vagina	0.9893473531799444	0.8532684900977926	False	0.8958189095969553
G_vaginalis.fna	29V	35V	29	35	vagina	vagina	other	0.9926445571830732	0.5975779144371557	False	0.9623565377173852
G_vaginalis.fna	29V	38C	29	38	vagina	cervix	between_cervix_vagina	0.9928539204308284	0.8893520834157967	False	0.8468849037322945
G_vaginalis.fna	29V	38V	29	38	vagina	vagina	other	0.9929976208880816	0.8976679944776497	False	0.7639780299761331
G_vaginalis.fna	29V	39C	29	39	vagina	cervix	between_cervix_vagina	0.9882041764493198	0.7729647128533782	False	0.8633882318880854
G_vaginalis.fna	29V	39V	29	39	vagina	vagina	other	0.9883519339278404	0.842341337382737	False	0.8884101300403927
G_vaginalis.fna	29V	3C	29	3	vagina	cervix	between_cervix_vagina	0.990251539803062	0.8408060184502155	False	0.8700930664625832
G_vaginalis.fna	29V	3V	29	3	vagina	vagina	other	0.9894072437207316	0.8652265854866781	False	0.7301929237703046
G_vaginalis.fna	29V	42C	29	42	vagina	cervix	between_cervix_vagina	0.9830956034743876	0.4771789234295666	False	0.9331841466763399
G_vaginalis.fna	29V	42V	29	42	vagina	vagina	other	0.984163451100228	0.7552083895583919	False	0.9378314103832325
G_vaginalis.fna	29V	4C	29	4	vagina	cervix	between_cervix_vagina	0.9890324888522116	0.8466534245408737	False	0.8406456853449662
G_vaginalis.fna	29V	5V	29	5	vagina	vagina	other	0.9908356911892204	0.7035053250378133	False	0.9032283752997452
G_vaginalis.fna	29V	7V	29	7	vagina	vagina	other	0.9934051687251227	0.8900297827883551	False	0.9159436339879353
G_vaginalis.fna	2V	30C	2	30	vagina	cervix	between_cervix_vagina	0.9876844287282038	0.7279258920742758	False	0.8661832177818248
G_vaginalis.fna	2V	31C	2	31	vagina	cervix	between_cervix_vagina	0.9887513175777924	0.7470628029406156	False	0.9020084041162816
G_vaginalis.fna	2V	31V	2	31	vagina	vagina	other	0.988681290109372	0.740427346429124	False	0.9243156792614448
G_vaginalis.fna	2V	33V	2	33	vagina	vagina	other	0.9921988115907004	0.5658166037545744	False	0.19447764172370632
G_vaginalis.fna	2V	34C	2	34	vagina	cervix	between_cervix_vagina	0.9910909956409274	0.8012829508829883	False	0.9020289521839333
G_vaginalis.fna	2V	35V	2	35	vagina	vagina	other	0.9933885560063144	0.5653140266977569	False	0.957151620743697
G_vaginalis.fna	2V	38C	2	38	vagina	cervix	between_cervix_vagina	0.9950021821355832	0.8245142454807047	False	0.9285023827914449
G_vaginalis.fna	2V	38V	2	38	vagina	vagina	other	0.9950995434635972	0.8286572076626808	False	0.9310647980428612
G_vaginalis.fna	2V	39C	2	39	vagina	cervix	between_cervix_vagina	0.9887598269814428	0.7157213060286457	False	0.8913281055083944
G_vaginalis.fna	2V	39V	2	39	vagina	vagina	other	0.9889000946743004	0.7766350846764375	False	0.8010693769698559
G_vaginalis.fna	2V	3C	2	3	vagina	cervix	between_cervix_vagina	0.992776822950914	0.793509199319182	False	0.932748396063342
G_vaginalis.fna	2V	3V	2	3	vagina	vagina	other	0.9920370913873234	0.8071609434055054	False	0.9043487693809619
G_vaginalis.fna	2V	42C	2	42	vagina	cervix	between_cervix_vagina	0.9845166546428092	0.437269627193377	False	0.9856384771044767
G_vaginalis.fna	2V	42V	2	42	vagina	vagina	other	0.985101649932577	0.6982642499787094	False	0.990573632057856
G_vaginalis.fna	2V	4C	2	4	vagina	cervix	between_cervix_vagina	0.9912006013810156	0.7994045841264815	False	0.8729693615052685
G_vaginalis.fna	2V	5V	2	5	vagina	vagina	other	0.9928513454169636	0.6568952012887084	False	0.9398046199955593
G_vaginalis.fna	2V	7V	2	7	vagina	vagina	other	0.9959390715174627	0.8240764396913529	False	0.9747698969950507
G_vaginalis.fna	30C	31C	30	31	cervix	cervix	other	0.9984640204921011	0.7754476114395654	False	0.48337459734326255
G_vaginalis.fna	30C	31V	30	31	cervix	vagina	between_cervix_vagina	0.9981894081940204	0.7684685073701306	False	0.7012363641808778
G_vaginalis.fna	30C	33V	30	33	cervix	vagina	between_cervix_vagina	0.9872380804615922	0.5334291708198243	False	0.9047110586428975
G_vaginalis.fna	30C	34C	30	34	cervix	cervix	other	0.986843451072461	0.7622630601065368	False	0.7193500177898547
G_vaginalis.fna	30C	35V	30	35	cervix	vagina	between_cervix_vagina	0.9880487747118478	0.5318266816840049	False	0.8822893981320835
G_vaginalis.fna	30C	38C	30	38	cervix	cervix	other	0.9897244140855024	0.7944052018524582	False	0.6063210048515182
G_vaginalis.fna	30C	38V	30	38	cervix	vagina	between_cervix_vagina	0.9897626377515292	0.7998903686324746	False	0.5977499727766595
G_vaginalis.fna	30C	39C	30	39	cervix	cervix	other	0.997246675707992	0.7473464771027573	False	0.5062551847704193
G_vaginalis.fna	30C	39V	30	39	cervix	vagina	between_cervix_vagina	0.9975726664259312	0.8005236876921398	False	0.8728218183824487
G_vaginalis.fna	30C	3C	30	3	cervix	cervix	other	0.9894162593926464	0.7611889365877297	False	0.6522292689124355
G_vaginalis.fna	30C	3V	30	3	cervix	vagina	between_cervix_vagina	0.988800650653901	0.7757366832073292	False	0.8129540237002734
G_vaginalis.fna	30C	42C	30	42	cervix	cervix	other	0.9926917803344162	0.446586494231159	False	0.9414202947433834
G_vaginalis.fna	30C	42V	30	42	cervix	vagina	between_cervix_vagina	0.993893109029062	0.7062982860802948	False	0.9667813329324618
G_vaginalis.fna	30C	4C	30	4	cervix	cervix	other	0.9871815023688856	0.7554632764905488	False	0.5201963418925536
G_vaginalis.fna	30C	5V	30	5	cervix	vagina	between_cervix_vagina	0.9888878869710072	0.6318407154586225	False	0.7760539860759389
G_vaginalis.fna	30C	7V	30	7	cervix	vagina	between_cervix_vagina	0.9909527407517326	0.7921538005740654	False	0.9305969383820276
G_vaginalis.fna	31C	31V	31	31	cervix	vagina	within_cervix_vagina	0.9999263929761234	0.8147781644062694	True	0.3000974360043508
G_vaginalis.fna	31C	33V	31	33	cervix	vagina	between_cervix_vagina	0.988259995268512	0.547576295155469	False	0.9262586451327005
G_vaginalis.fna	31C	34C	31	34	cervix	cervix	other	0.9879443581061482	0.785706660525391	False	0.7270613385903437
G_vaginalis.fna	31C	35V	31	35	cervix	vagina	between_cervix_vagina	0.9890544671086628	0.5478161887386755	False	0.7417097268322209
G_vaginalis.fna	31C	38C	31	38	cervix	cervix	other	0.9905659079172936	0.8280748659894471	False	0.5330172745180368
G_vaginalis.fna	31C	38V	31	38	cervix	vagina	between_cervix_vagina	0.9906034205416336	0.8351463290884164	False	0.44299784276827014
G_vaginalis.fna	31C	39C	31	39	cervix	cervix	other	0.9976319913570824	0.7638475572236156	False	0.271572727630114
G_vaginalis.fna	31C	39V	31	39	cervix	vagina	between_cervix_vagina	0.9978413049730072	0.8237435873446539	False	0.6785941225191215
G_vaginalis.fna	31C	3C	31	3	cervix	cervix	other	0.990638937571186	0.7819361331313429	False	0.5587798380685163
G_vaginalis.fna	31C	3V	31	3	cervix	vagina	between_cervix_vagina	0.9899530112378824	0.7971987626288978	False	0.7291709287117056
G_vaginalis.fna	31C	42C	31	42	cervix	cervix	other	0.99294921384695	0.4682506839965791	False	0.8761743521686352
G_vaginalis.fna	31C	42V	31	42	cervix	vagina	between_cervix_vagina	0.9942375646891726	0.7321780058366109	False	0.9270115763692091
G_vaginalis.fna	31C	4C	31	4	cervix	cervix	other	0.9882681960549062	0.777796169619157	False	0.6053025006297502
G_vaginalis.fna	31C	5V	31	5	cervix	vagina	between_cervix_vagina	0.989917729556623	0.65170690281791	False	0.5645712331412751
G_vaginalis.fna	31C	7V	31	7	cervix	vagina	between_cervix_vagina	0.9916610093853748	0.8224685529499114	False	0.8092889430534663
G_vaginalis.fna	31V	33V	31	33	vagina	vagina	other	0.988277263580598	0.5418344422414217	False	0.9370753661198568
G_vaginalis.fna	31V	34C	31	34	vagina	cervix	between_cervix_vagina	0.987897921802312	0.7782813543911921	False	0.8030718300298377
G_vaginalis.fna	31V	35V	31	35	vagina	vagina	other	0.9890248882512004	0.5433889526605997	False	0.7723584750215738
G_vaginalis.fna	31V	38C	31	38	vagina	cervix	between_cervix_vagina	0.9904873375291788	0.8203526915460302	False	0.653354128616401
G_vaginalis.fna	31V	38V	31	38	vagina	vagina	other	0.9905504096513362	0.8276052743003204	False	0.5748398166593573
G_vaginalis.fna	31V	39C	31	39	vagina	cervix	between_cervix_vagina	0.9974588359993208	0.7559322684457175	False	0.4669796247628495
G_vaginalis.fna	31V	39V	31	39	vagina	vagina	other	0.9977006625944792	0.8156123943418699	False	0.4958561809461797
G_vaginalis.fna	31V	3C	31	3	vagina	cervix	between_cervix_vagina	0.9905652875155284	0.7767856178998996	False	0.5808356999902545
G_vaginalis.fna	31V	3V	31	3	vagina	vagina	other	0.989916563406055	0.7918191490254923	False	0.7052560596862529
G_vaginalis.fna	31V	42C	31	42	vagina	cervix	between_cervix_vagina	0.9930080385002532	0.465328180419166	False	0.8658203149241694
G_vaginalis.fna	31V	42V	31	42	vagina	vagina	other	0.9940585518008674	0.7271768243607136	False	0.8787759145926037
G_vaginalis.fna	31V	4C	31	4	vagina	cervix	between_cervix_vagina	0.9882577741445684	0.7717940321673306	False	0.7358694387929204
G_vaginalis.fna	31V	5V	31	5	vagina	vagina	other	0.989993811560154	0.6473720257693687	False	0.5455345986463079
G_vaginalis.fna	31V	7V	31	7	vagina	vagina	other	0.9917244308204152	0.8162343184563328	False	0.6804331820169073
G_vaginalis.fna	33V	34C	33	34	vagina	cervix	between_cervix_vagina	0.9909256179406418	0.5809388955059536	False	0.9245141152739317
G_vaginalis.fna	33V	35V	33	35	vagina	vagina	other	0.9922777420065771	0.4163515064717291	False	0.9473922075764255
G_vaginalis.fna	33V	38C	33	38	vagina	cervix	between_cervix_vagina	0.9944811524264552	0.600511213225813	False	0.9444918550337658
G_vaginalis.fna	33V	38V	33	38	vagina	vagina	other	0.9944949508966272	0.6050667923709042	False	0.9425606399587382
G_vaginalis.fna	33V	39C	33	39	vagina	cervix	between_cervix_vagina	0.9882140954884916	0.5292112418930962	False	0.9129687588789398
G_vaginalis.fna	33V	39V	33	39	vagina	vagina	other	0.9883408241791232	0.5693760247954007	False	0.8164864755454395
G_vaginalis.fna	33V	3C	33	3	vagina	cervix	between_cervix_vagina	0.991204497511197	0.5771299851385925	False	0.9475190750277079
G_vaginalis.fna	33V	3V	33	3	vagina	vagina	other	0.9902106457440408	0.587275684506353	False	0.916077533632703
G_vaginalis.fna	33V	42C	33	42	vagina	cervix	between_cervix_vagina	0.9842384610873264	0.3272340389803083	False	0.986381015102379
G_vaginalis.fna	33V	42V	33	42	vagina	vagina	other	0.9849421681886784	0.517374892497688	False	0.9909216094131404
G_vaginalis.fna	33V	4C	33	4	vagina	cervix	between_cervix_vagina	0.9909080593750969	0.581400090919668	False	0.9120104439796907
G_vaginalis.fna	33V	5V	33	5	vagina	vagina	other	0.992684220534222	0.4794081345515129	False	0.9400303087154906
G_vaginalis.fna	33V	7V	33	7	vagina	vagina	other	0.994609987388049	0.6010677663388521	False	0.976425460679837
G_vaginalis.fna	34C	35V	34	35	cervix	vagina	between_cervix_vagina	0.9923054957674086	0.5859766607532898	False	0.9160106123345627
G_vaginalis.fna	34C	38C	34	38	cervix	cervix	other	0.9935420041680924	0.8710913838621188	False	0.7998213214008887
G_vaginalis.fna	34C	38V	34	38	cervix	vagina	between_cervix_vagina	0.9936444433190692	0.8763558485455851	False	0.8025670431287792
G_vaginalis.fna	34C	39C	34	39	cervix	cervix	other	0.9880723410477832	0.7505436588329417	False	0.8026040303351809
G_vaginalis.fna	34C	39V	34	39	cervix	vagina	between_cervix_vagina	0.9881684970470448	0.8227426313687248	False	0.9153551567068067
G_vaginalis.fna	34C	3C	34	3	cervix	cervix	other	0.990917327874926	0.8174583754646438	False	0.8520138049384496
G_vaginalis.fna	34C	3V	34	3	cervix	vagina	between_cervix_vagina	0.9899633185494016	0.8366186759553462	False	0.8966641031078689
G_vaginalis.fna	34C	42C	34	42	cervix	cervix	other	0.983108827096904	0.4593380376465	False	0.9681130182318267
G_vaginalis.fna	34C	42V	34	42	cervix	vagina	between_cervix_vagina	0.9841178789492352	0.7287229385044794	False	0.9817268845942833
G_vaginalis.fna	34C	4C	34	4	cervix	cervix	other	0.9898992282315392	0.8387915120852389	False	0.601459765411892
G_vaginalis.fna	34C	5V	34	5	cervix	vagina	between_cervix_vagina	0.99166650016462	0.6903759492289221	False	0.890747681098357
G_vaginalis.fna	34C	7V	34	7	cervix	vagina	between_cervix_vagina	0.9939990311335598	0.8591800677219585	False	0.9491363564359682
G_vaginalis.fna	35V	38C	35	38	vagina	cervix	between_cervix_vagina	0.994725522834905	0.6045690131857508	False	0.8268481294597207
G_vaginalis.fna	35V	38V	35	38	vagina	vagina	other	0.9947813808357692	0.6073625739621904	False	0.805069522298475
G_vaginalis.fna	35V	39C	35	39	vagina	cervix	between_cervix_vagina	0.9891347381463906	0.5256446240447737	False	0.6910783262502145
G_vaginalis.fna	35V	39V	35	39	vagina	vagina	other	0.9894037648664968	0.5710816681719989	False	0.5782779303244568
G_vaginalis.fna	35V	3C	35	3	vagina	cervix	between_cervix_vagina	0.9927385610967836	0.5753331822003759	False	0.41619153147581617
G_vaginalis.fna	35V	3V	35	3	vagina	vagina	other	0.9919348961995073	0.5843333897083254	False	0.6210922442322536
G_vaginalis.fna	35V	42C	35	42	vagina	cervix	between_cervix_vagina	0.9848389494913808	0.3259146242726726	False	0.7507975216421143
G_vaginalis.fna	35V	42V	35	42	vagina	vagina	other	0.9853773085207812	0.5095159787118434	False	0.8489227251692988
G_vaginalis.fna	35V	4C	35	4	vagina	cervix	between_cervix_vagina	0.9914269960322858	0.5775575954506581	False	0.9071065686172434
G_vaginalis.fna	35V	5V	35	5	vagina	vagina	other	0.9932708720836227	0.4859098503903668	False	0.7573787373760928
G_vaginalis.fna	35V	7V	35	7	vagina	vagina	other	0.996317229712921	0.6027026411084043	False	0.8969351719056811
G_vaginalis.fna	38C	38V	38	38	cervix	vagina	within_cervix_vagina	0.99999364684461	0.9439938443306548	True	0.3172712011126508
G_vaginalis.fna	38C	39C	38	39	cervix	cervix	other	0.990701651299316	0.7848880236726988	False	0.4810048602770296
G_vaginalis.fna	38C	39V	38	39	cervix	vagina	between_cervix_vagina	0.990716975984812	0.8617721178885046	False	0.6775244873892551
G_vaginalis.fna	38C	3C	38	3	cervix	cervix	other	0.9939779150216114	0.8495945198709852	False	0.6991334513244045
G_vaginalis.fna	38C	3V	38	3	cervix	vagina	between_cervix_vagina	0.9930355310270116	0.8725007586634569	False	0.765634061104296
G_vaginalis.fna	38C	42C	38	42	cervix	cervix	other	0.9879761933740658	0.49275341458529	False	0.8095807028426055
G_vaginalis.fna	38C	42V	38	42	cervix	vagina	between_cervix_vagina	0.9879950765800448	0.7703420762549733	False	0.886306116761182
G_vaginalis.fna	38C	4C	38	4	cervix	cervix	other	0.9935114413760464	0.8642154340334628	False	0.6920593931358604
G_vaginalis.fna	38C	5V	38	5	cervix	vagina	between_cervix_vagina	0.9951316305960468	0.7211536962203566	False	0.6000290835745685
G_vaginalis.fna	38C	7V	38	7	cervix	vagina	between_cervix_vagina	0.9967503435039584	0.9074472563970624	False	0.8012892567824152
G_vaginalis.fna	38V	39C	38	39	vagina	cervix	between_cervix_vagina	0.990839994718446	0.7903258114700319	False	0.47111515494502276
G_vaginalis.fna	38V	39V	38	39	vagina	vagina	other	0.9908113607753196	0.8694493122850704	False	0.5715022043369118
G_vaginalis.fna	38V	3C	38	3	vagina	cervix	between_cervix_vagina	0.9940189560843709	0.85612622240774	False	0.6615651168566065
G_vaginalis.fna	38V	3V	38	3	vagina	vagina	other	0.9930854183454728	0.8804436352034237	False	0.6896953749528698
G_vaginalis.fna	38V	42C	38	42	vagina	cervix	between_cervix_vagina	0.9880134592486538	0.4976376479393741	False	0.795730509104414
G_vaginalis.fna	38V	42V	38	42	vagina	vagina	other	0.9880622498174526	0.7769877282437511	False	0.8792077702972725
G_vaginalis.fna	38V	4C	38	4	vagina	cervix	between_cervix_vagina	0.993614559218502	0.8701881845213464	False	0.6933184762886856
G_vaginalis.fna	38V	5V	38	5	vagina	vagina	other	0.9951649162086924	0.7253740240829168	False	0.418708258468812
G_vaginalis.fna	38V	7V	38	7	vagina	vagina	other	0.9967662796686468	0.9152575917323076	False	0.7187471420555634
G_vaginalis.fna	39C	39V	39	39	cervix	vagina	within_cervix_vagina	0.9999693636837108	0.8026125610679102	True	0.671872635312406
G_vaginalis.fna	39C	3C	39	3	cervix	cervix	other	0.9904611421348224	0.7496314634827991	False	0.5604113920140998
G_vaginalis.fna	39C	3V	39	3	cervix	vagina	between_cervix_vagina	0.9898460999167662	0.7630529097292441	False	0.7446776329285838
G_vaginalis.fna	39C	42C	39	42	cervix	cervix	other	0.9930185566737112	0.4526282141242145	False	0.8784788060756651
G_vaginalis.fna	39C	42V	39	42	cervix	vagina	between_cervix_vagina	0.994251050468279	0.7070851370332121	False	0.9269499487736389
G_vaginalis.fna	39C	4C	39	4	cervix	cervix	other	0.9883380958765368	0.7425510043744595	False	0.6980104202283024
G_vaginalis.fna	39C	5V	39	5	cervix	vagina	between_cervix_vagina	0.9901079007691624	0.6271316044202792	False	0.5346781656590736
G_vaginalis.fna	39C	7V	39	7	cervix	vagina	between_cervix_vagina	0.991992756914635	0.7856149012298145	False	0.8054683944443475
G_vaginalis.fna	39V	3C	39	3	vagina	cervix	between_cervix_vagina	0.9908210741784258	0.8156813637470418	False	0.5343735829981805
G_vaginalis.fna	39V	3V	39	3	vagina	vagina	other	0.9901246613322834	0.8347403091988393	False	0.555314992854736
G_vaginalis.fna	39V	42C	39	42	vagina	cervix	between_cervix_vagina	0.9933035547368656	0.4812061369576456	False	0.6865865614314017
G_vaginalis.fna	39V	42V	39	42	vagina	vagina	other	0.9946028449517909	0.7571743174727691	False	0.7102343910258121
G_vaginalis.fna	39V	4C	39	4	vagina	cervix	between_cervix_vagina	0.9884233802783592	0.8114832260409283	False	0.8743726854571324
G_vaginalis.fna	39V	5V	39	5	vagina	vagina	other	0.9901846440935989	0.6839102174275491	False	0.5133388833609775
G_vaginalis.fna	39V	7V	39	7	vagina	vagina	other	0.9921890459905628	0.8607165861223961	False	0.4954187313216436
G_vaginalis.fna	3C	3V	3	3	cervix	vagina	within_cervix_vagina	0.9999889400335532	0.8676105279697927	True	0.3803243545186398
G_vaginalis.fna	3C	42C	3	42	cervix	cervix	other	0.9865437884130326	0.4600889045619363	False	0.7970828335932785
G_vaginalis.fna	3C	42V	3	42	cervix	vagina	between_cervix_vagina	0.9870985044073892	0.7312652107525102	False	0.87763442815041
G_vaginalis.fna	3C	4C	3	4	cervix	cervix	other	0.9904586019694726	0.8173792105821858	False	0.755649156369153
G_vaginalis.fna	3C	5V	3	5	cervix	vagina	between_cervix_vagina	0.9924930046635576	0.6751505032367642	False	0.6159227174406153
G_vaginalis.fna	3C	7V	3	7	cervix	vagina	between_cervix_vagina	0.9944983117828932	0.85561225040572	False	0.8401777497939568
G_vaginalis.fna	3V	42C	3	42	vagina	cervix	between_cervix_vagina	0.9857692498982972	0.470279583976548	False	0.7851181952450008
G_vaginalis.fna	3V	42V	3	42	vagina	vagina	other	0.986472313329256	0.746226773803141	False	0.8012921809576167
G_vaginalis.fna	3V	4C	3	4	vagina	cervix	between_cervix_vagina	0.9895404336072472	0.8374834923228056	False	0.8402982438748549
G_vaginalis.fna	3V	5V	3	5	vagina	vagina	other	0.9914772579230322	0.6905276819203001	False	0.7405157700781704
G_vaginalis.fna	3V	7V	3	7	vagina	vagina	other	0.9936844203868276	0.8783895463972182	False	0.7520831733915718
G_vaginalis.fna	42C	42V	42	42	cervix	vagina	within_cervix_vagina	0.9999021117507312	0.4778842105641937	False	0.2875804750689081
G_vaginalis.fna	42C	4C	42	4	cervix	cervix	other	0.983303622922456	0.4575490312497376	False	0.9551326225955606
G_vaginalis.fna	42C	5V	42	5	cervix	vagina	between_cervix_vagina	0.9883270973630258	0.4028059152959747	False	0.7284641476301276
G_vaginalis.fna	42C	7V	42	7	cervix	vagina	between_cervix_vagina	0.9895705193346526	0.493381935773291	False	0.7559315159832809
G_vaginalis.fna	42V	4C	42	4	vagina	cervix	between_cervix_vagina	0.9843151229135128	0.7253836198262451	False	0.9746284355889239
G_vaginalis.fna	42V	5V	42	5	vagina	vagina	other	0.9879355229669132	0.618550610948983	False	0.8300703177431683
G_vaginalis.fna	42V	7V	42	7	vagina	vagina	other	0.9896085031387006	0.7704230403393055	False	0.7102873379001772
G_vaginalis.fna	4C	5V	4	5	cervix	vagina	between_cervix_vagina	0.9916871017358824	0.6823473107329588	False	0.8591755494157732
G_vaginalis.fna	4C	7V	4	7	cervix	vagina	between_cervix_vagina	0.9937988681865038	0.855238616149876	False	0.9339724649898383
G_vaginalis.fna	5V	7V	5	7	vagina	vagina	other	0.995653169375985	0.7177220185125878	False	0.5768845693236526
Gardnerella_leopoldii.fna	1C	22C	1	22	cervix	cervix	other	0.9763182461318088	0.5580530596090915	False	0.7676311107616074
Gardnerella_leopoldii.fna	1C	22V	1	22	cervix	vagina	between_cervix_vagina	0.9770263711373564	0.5521236427510042	False	0.7531029791090261
Gardnerella_leopoldii.fna	1C	24C	1	24	cervix	cervix	other	0.9769368816879004	0.4763074351131798	False	0.6654011430772784
Gardnerella_leopoldii.fna	1C	27C	1	27	cervix	cervix	other	0.993146939129582	0.6914923235111745	False	0.43246861483724325
Gardnerella_leopoldii.fna	1C	27V	1	27	cervix	vagina	between_cervix_vagina	0.9932376482274085	0.6905475549794649	False	0.4214250562977606
Gardnerella_leopoldii.fna	1C	30C	1	30	cervix	cervix	other	0.987397231209887	0.4302348098628879	False	0.7098384324617184
Gardnerella_leopoldii.fna	1C	31C	1	31	cervix	cervix	other	0.9834012718082504	0.3798862756885433	False	0.7183012465616887
Gardnerella_leopoldii.fna	1C	31V	1	31	cervix	vagina	between_cervix_vagina	0.9831081433383272	0.3751467846899249	False	0.7899109465213727
Gardnerella_leopoldii.fna	1C	33C	1	33	cervix	cervix	other	0.9937550044051316	0.5195235862865771	False	0.6608909184643711
Gardnerella_leopoldii.fna	1C	33V	1	33	cervix	vagina	between_cervix_vagina	0.9937251872076756	0.5974810084572758	False	0.7745977736334305
Gardnerella_leopoldii.fna	1C	34C	1	34	cervix	cervix	other	0.9935042482022636	0.537410291000444	False	0.7295365900478313
Gardnerella_leopoldii.fna	1C	35C	1	35	cervix	cervix	other	0.993537898265798	0.4455662710462024	False	0.9306030178177322
Gardnerella_leopoldii.fna	1C	35V	1	35	cervix	vagina	between_cervix_vagina	0.9924477252230062	0.6882505090600629	False	0.9223688954236872
Gardnerella_leopoldii.fna	1C	37C	1	37	cervix	cervix	other	0.9718849419464132	0.5742536556804453	False	0.8965834361414207
Gardnerella_leopoldii.fna	1C	39C	1	39	cervix	cervix	other	0.9760641511127374	0.5666479103923886	False	0.7826642458118332
Gardnerella_leopoldii.fna	1C	39V	1	39	cervix	vagina	between_cervix_vagina	0.976751401349363	0.628355183414846	False	0.8082870483696412
Gardnerella_leopoldii.fna	1C	3C	1	3	cervix	cervix	other	0.9942770003083634	0.6956489138421956	False	0.8413210761220151
Gardnerella_leopoldii.fna	1C	3V	1	3	cervix	vagina	between_cervix_vagina	0.9943233898247956	0.696394818052186	False	0.6491404165127874
Gardnerella_leopoldii.fna	1C	42C	1	42	cervix	cervix	other	0.9806598721236884	0.3780241232202458	False	0.935445490864108
Gardnerella_leopoldii.fna	1C	42V	1	42	cervix	vagina	between_cervix_vagina	0.980192958009	0.3673024022158049	False	0.9466411677132925
Gardnerella_leopoldii.fna	1C	4C	1	4	cervix	cervix	other	0.9948453200366706	0.5767932508709279	False	0.5516536203556401
Gardnerella_leopoldii.fna	22C	22V	22	22	cervix	vagina	within_cervix_vagina	0.9999544924029082	0.7307070637259089	True	0.21488888040226176
Gardnerella_leopoldii.fna	22C	24C	22	24	cervix	cervix	other	0.999971529235916	0.6412331152780613	True	0.4329710646685089
Gardnerella_leopoldii.fna	22C	27C	22	27	cervix	cervix	other	0.9761532257102508	0.7105591738719665	False	0.6768143741487332
Gardnerella_leopoldii.fna	22C	27V	22	27	cervix	vagina	between_cervix_vagina	0.9762770495789218	0.7079465530944918	False	0.635001222844419
Gardnerella_leopoldii.fna	22C	30C	22	30	cervix	cervix	other	0.9918984232879968	0.5128984703095568	False	0.7831789452583645
Gardnerella_leopoldii.fna	22C	31C	22	31	cervix	cervix	other	0.9844753290683138	0.4433370346004359	False	0.5972336702742669
Gardnerella_leopoldii.fna	22C	31V	22	31	cervix	vagina	between_cervix_vagina	0.98378304510533	0.4341814516313068	False	0.5043886147995361
Gardnerella_leopoldii.fna	22C	33C	22	33	cervix	cervix	other	0.9759266567107976	0.5055861313978075	False	0.7087114617055238
Gardnerella_leopoldii.fna	22C	33V	22	33	cervix	vagina	between_cervix_vagina	0.9759159714553092	0.5880411473102134	False	0.6221455920309299
Gardnerella_leopoldii.fna	22C	34C	22	34	cervix	cervix	other	0.9764829314781048	0.5288571691239994	False	0.8892039830832579
Gardnerella_leopoldii.fna	22C	35C	22	35	cervix	cervix	other	0.975875895615592	0.436440028714704	False	0.9822257657536941
Gardnerella_leopoldii.fna	22C	35V	22	35	cervix	vagina	between_cervix_vagina	0.9761167985322364	0.7121781250550137	False	0.7825137030597051
Gardnerella_leopoldii.fna	22C	37C	22	37	cervix	cervix	other	0.993962521965225	0.7023959564689259	False	0.4264495955015033
Gardnerella_leopoldii.fna	22C	39C	22	39	cervix	cervix	other	0.9951830246409316	0.7023705279163127	False	0.5847926643968331
Gardnerella_leopoldii.fna	22C	39V	22	39	cervix	vagina	between_cervix_vagina	0.9944531440119349	0.7394857825050254	False	0.4255351087706065
Gardnerella_leopoldii.fna	22C	3C	22	3	cervix	cervix	other	0.9760523120926852	0.7121390042048393	False	0.6006666149495684
Gardnerella_leopoldii.fna	22C	3V	22	3	cervix	vagina	between_cervix_vagina	0.9761461619780404	0.7136014719871893	False	0.6371012762171454
Gardnerella_leopoldii.fna	22C	42C	22	42	cervix	cervix	other	0.978176481862365	0.4558583147128953	False	0.7702675577470643
Gardnerella_leopoldii.fna	22C	42V	22	42	cervix	vagina	between_cervix_vagina	0.9781313171090285	0.4470456911969611	False	0.8251226961616221
Gardnerella_leopoldii.fna	22C	4C	22	4	cervix	cervix	other	0.9764754140388658	0.5722304557122635	False	0.8410588481311077
Gardnerella_leopoldii.fna	22V	24C	22	24	vagina	cervix	between_cervix_vagina	0.9999530761635071	0.6391773146014009	True	0.43847273425761
Gardnerella_leopoldii.fna	22V	27C	22	27	vagina	cervix	between_cervix_vagina	0.9768096759851826	0.7024728941409355	False	0.6994231859259905
Gardnerella_leopoldii.fna	22V	27V	22	27	vagina	vagina	other	0.9769327078217516	0.6999163465820439	False	0.6539637530634084
Gardnerella_leopoldii.fna	22V	30C	22	30	vagina	cervix	between_cervix_vagina	0.992226652686534	0.5080500929446199	False	0.7828179229139353
Gardnerella_leopoldii.fna	22V	31C	22	31	vagina	cervix	between_cervix_vagina	0.9851437879128284	0.4411214904522305	False	0.579885919797612
Gardnerella_leopoldii.fna	22V	31V	22	31	vagina	vagina	other	0.9843754955814898	0.4316992336877465	False	0.4767465873627615
Gardnerella_leopoldii.fna	22V	33C	22	33	vagina	cervix	between_cervix_vagina	0.976587839907008	0.5003419814319405	False	0.7082573180148545
Gardnerella_leopoldii.fna	22V	33V	22	33	vagina	vagina	other	0.976616665695629	0.5819330785696635	False	0.5843014258790025
Gardnerella_leopoldii.fna	22V	34C	22	34	vagina	cervix	between_cervix_vagina	0.9770658097455662	0.5230796715674225	False	0.8890350025675514
Gardnerella_leopoldii.fna	22V	35C	22	35	vagina	cervix	between_cervix_vagina	0.9766540025166972	0.431101336694249	False	0.9821928607120358
Gardnerella_leopoldii.fna	22V	35V	22	35	vagina	vagina	other	0.976776538715346	0.7034919922879764	False	0.8114316920362786
Gardnerella_leopoldii.fna	22V	37C	22	37	vagina	cervix	between_cervix_vagina	0.9940264179271352	0.6939732374263957	False	0.5392192794314736
Gardnerella_leopoldii.fna	22V	39C	22	39	vagina	cervix	between_cervix_vagina	0.9953571070209808	0.6952824818788962	False	0.5705654391279567
Gardnerella_leopoldii.fna	22V	39V	22	39	vagina	vagina	other	0.9946164043008066	0.7304221335338059	False	0.3706327570217234
Gardnerella_leopoldii.fna	22V	3C	22	3	vagina	cervix	between_cervix_vagina	0.9767032392991244	0.7039653545750856	False	0.6238194135759529
Gardnerella_leopoldii.fna	22V	3V	22	3	vagina	vagina	other	0.9768158399371578	0.7055282325395495	False	0.608689801095172
Gardnerella_leopoldii.fna	22V	42C	22	42	vagina	cervix	between_cervix_vagina	0.9786494050165948	0.4510529702831501	False	0.8190984705805749
Gardnerella_leopoldii.fna	22V	42V	22	42	vagina	vagina	other	0.978599408225576	0.4422605592064726	False	0.8228622378795598
Gardnerella_leopoldii.fna	22V	4C	22	4	vagina	cervix	between_cervix_vagina	0.9771135010540593	0.5663049509391939	False	0.8306808868450212
Gardnerella_leopoldii.fna	24C	27C	24	27	cervix	cervix	other	0.9765399467014738	0.5994292267959568	False	0.6940854449465845
Gardnerella_leopoldii.fna	24C	27V	24	27	cervix	vagina	between_cervix_vagina	0.9766727745660952	0.5970845838421761	False	0.6256318029030267
Gardnerella_leopoldii.fna	24C	30C	24	30	cervix	cervix	other	0.9920168427202848	0.4642334367210468	False	0.5351517633116994
Gardnerella_leopoldii.fna	24C	31C	24	31	cervix	cervix	other	0.9850136927009686	0.4007024800662968	False	0.35058025141232996
Gardnerella_leopoldii.fna	24C	31V	24	31	cervix	vagina	between_cervix_vagina	0.9843751303045416	0.3909196594660395	False	0.4460606124548128
Gardnerella_leopoldii.fna	24C	33C	24	33	cervix	cervix	other	0.9765056004442928	0.4320415411267718	False	0.6216781177051601
Gardnerella_leopoldii.fna	24C	33V	24	33	cervix	vagina	between_cervix_vagina	0.976432643107994	0.500533021583625	False	0.7205942567106767
Gardnerella_leopoldii.fna	24C	34C	24	34	cervix	cervix	other	0.9768755897797916	0.4525728153124224	False	0.8463258393868329
Gardnerella_leopoldii.fna	24C	35C	24	35	cervix	cervix	other	0.9762829544222992	0.3730029621003723	False	0.9560055836920366
Gardnerella_leopoldii.fna	24C	35V	24	35	cervix	vagina	between_cervix_vagina	0.9764185376044116	0.6011264196793524	False	0.7924277219797308
Gardnerella_leopoldii.fna	24C	37C	24	37	cervix	cervix	other	0.9930908699148684	0.599154728830567	False	0.5211483683129274
Gardnerella_leopoldii.fna	24C	39C	24	39	cervix	cervix	other	0.9945122471899182	0.6032115609936435	False	0.4260444262503482
Gardnerella_leopoldii.fna	24C	39V	24	39	cervix	vagina	between_cervix_vagina	0.9938629276369778	0.6276770886784911	False	0.6107389337728372
Gardnerella_leopoldii.fna	24C	3C	24	3	cervix	cervix	other	0.9764837018868988	0.6013226759443936	False	0.5913953949181545
Gardnerella_leopoldii.fna	24C	3V	24	3	cervix	vagina	between_cervix_vagina	0.9765852053988198	0.6025927995467197	False	0.6925555443508685
Gardnerella_leopoldii.fna	24C	42C	24	42	cervix	cervix	other	0.9779224364607216	0.3873238013208503	False	0.878975375077412
Gardnerella_leopoldii.fna	24C	42V	24	42	cervix	vagina	between_cervix_vagina	0.9778491700081774	0.3803322533805304	False	0.9187080959218195
Gardnerella_leopoldii.fna	24C	4C	24	4	cervix	cervix	other	0.9770717061906526	0.4910233949204184	False	0.773255722164904
Gardnerella_leopoldii.fna	27C	27V	27	27	cervix	vagina	within_cervix_vagina	0.9999978399255206	0.9055440112824532	True	0.21788348090693402
Gardnerella_leopoldii.fna	27C	30C	27	30	cervix	cervix	other	0.986554361153651	0.5296363260566379	False	0.7369749522028028
Gardnerella_leopoldii.fna	27C	31C	27	31	cervix	cervix	other	0.982196025421664	0.4736667777264135	False	0.6350477901190212
Gardnerella_leopoldii.fna	27C	31V	27	31	cervix	vagina	between_cervix_vagina	0.981943913017978	0.4669086508588004	False	0.7293362435229885
Gardnerella_leopoldii.fna	27C	33C	27	33	cervix	cervix	other	0.9989002428630344	0.6403007350155734	False	0.8826772201422747
Gardnerella_leopoldii.fna	27C	33V	27	33	cervix	vagina	between_cervix_vagina	0.9989194187628834	0.7445858373394171	False	0.8999549933048757
Gardnerella_leopoldii.fna	27C	34C	27	34	cervix	cervix	other	0.9936114104292854	0.6547095961489435	False	0.8251233962922746
Gardnerella_leopoldii.fna	27C	35C	27	35	cervix	cervix	other	0.9937967291406892	0.5417272768171798	False	0.965337825056211
Gardnerella_leopoldii.fna	27C	35V	27	35	cervix	vagina	between_cervix_vagina	0.9926155590987256	0.8853407002240973	False	0.5971236101203254
Gardnerella_leopoldii.fna	27C	37C	27	37	cervix	cervix	other	0.971565855420201	0.7402251665733199	False	0.6188555568343147
Gardnerella_leopoldii.fna	27C	39C	27	39	cervix	cervix	other	0.9759027344440396	0.7230602415451692	False	0.6266318173436363
Gardnerella_leopoldii.fna	27C	39V	27	39	cervix	vagina	between_cervix_vagina	0.9762463347856568	0.8054083271337653	False	0.6512973876840975
Gardnerella_leopoldii.fna	27C	3C	27	3	cervix	cervix	other	0.9932201378388832	0.8900462864858979	False	0.44857251451364627
Gardnerella_leopoldii.fna	27C	3V	27	3	cervix	vagina	between_cervix_vagina	0.993218224276168	0.8915257066366566	False	0.403082699683804
Gardnerella_leopoldii.fna	27C	42C	27	42	cervix	cervix	other	0.98148742821101	0.5096344873766797	False	0.8442837323659109
Gardnerella_leopoldii.fna	27C	42V	27	42	cervix	vagina	between_cervix_vagina	0.9810028008185592	0.4960843289046358	False	0.8846178450695047
Gardnerella_leopoldii.fna	27C	4C	27	4	cervix	cervix	other	0.9937812452729854	0.6939784535397523	False	0.709225632270013
Gardnerella_leopoldii.fna	27V	30C	27	30	vagina	cervix	between_cervix_vagina	0.9866884901639852	0.5278217706227192	False	0.8062243010194365
Gardnerella_leopoldii.fna	27V	31C	27	31	vagina	cervix	between_cervix_vagina	0.982364299862152	0.4720491305717056	False	0.7038196967240735
Gardnerella_leopoldii.fna	27V	31V	27	31	vagina	vagina	other	0.9820832574367022	0.465335992681793	False	0.7503093583935961
Gardnerella_leopoldii.fna	27V	33C	27	33	vagina	cervix	between_cervix_vagina	0.9989215336829778	0.6402453138111598	False	0.7437717230117215
Gardnerella_leopoldii.fna	27V	33V	27	33	vagina	vagina	other	0.9989385878489326	0.7445186798799511	False	0.7951558737109624
Gardnerella_leopoldii.fna	27V	34C	27	34	vagina	cervix	between_cervix_vagina	0.9936697054607518	0.6536318167266411	False	0.8469387559404578
Gardnerella_leopoldii.fna	27V	35C	27	35	vagina	cervix	between_cervix_vagina	0.9938613348434008	0.5411619805321609	False	0.9711593533004487
Gardnerella_leopoldii.fna	27V	35V	27	35	vagina	vagina	other	0.9926690172122904	0.8822801457121267	False	0.7206070620488942
Gardnerella_leopoldii.fna	27V	37C	27	37	vagina	cervix	between_cervix_vagina	0.9717048362254488	0.7374319378708738	False	0.6956788681397772
Gardnerella_leopoldii.fna	27V	39C	27	39	vagina	cervix	between_cervix_vagina	0.9760103443626752	0.7205688954032349	False	0.688193580935568
Gardnerella_leopoldii.fna	27V	39V	27	39	vagina	vagina	other	0.9763468873976294	0.8023542927634904	False	0.6626652098439063
Gardnerella_leopoldii.fna	27V	3C	27	3	vagina	cervix	between_cervix_vagina	0.9933005441745828	0.887005944413184	False	0.6169045632418465
Gardnerella_leopoldii.fna	27V	3V	27	3	vagina	vagina	other	0.9933003967362828	0.8884462437137683	False	0.49760269985989075
Gardnerella_leopoldii.fna	27V	42C	27	42	vagina	cervix	between_cervix_vagina	0.9816608169704568	0.5075200054247578	False	0.8751116639838553
Gardnerella_leopoldii.fna	27V	42V	27	42	vagina	vagina	other	0.9811944507522748	0.4938590045438867	False	0.9023994580866707
Gardnerella_leopoldii.fna	27V	4C	27	4	vagina	cervix	between_cervix_vagina	0.9938692040409058	0.6929808718603073	False	0.74927751669718
Gardnerella_leopoldii.fna	30C	31C	30	31	cervix	cervix	other	0.988951224052532	0.3572607319902276	False	0.48337459734326255
Gardnerella_leopoldii.fna	30C	31V	30	31	cervix	vagina	between_cervix_vagina	0.98819956146893	0.3496986716515323	False	0.7012363641808778
Gardnerella_leopoldii.fna	30C	33C	30	33	cervix	cervix	other	0.987252336511426	0.3879556030511655	False	0.8712909214788142
Gardnerella_leopoldii.fna	30C	33V	30	33	cervix	vagina	between_cervix_vagina	0.9870743103733668	0.4490460706692077	False	0.9047110586428975
Gardnerella_leopoldii.fna	30C	34C	30	34	cervix	cervix	other	0.987420182726134	0.4029278044270458	False	0.7193500177898547
Gardnerella_leopoldii.fna	30C	35C	30	35	cervix	cervix	other	0.9871875555006449	0.3377511640082962	False	0.862640029363864
Gardnerella_leopoldii.fna	30C	35V	30	35	cervix	vagina	between_cervix_vagina	0.986396964993114	0.5288284805005382	False	0.8822893981320835
Gardnerella_leopoldii.fna	30C	37C	30	37	cervix	cervix	other	0.9896256603963004	0.5195705313067863	False	0.7141698044486418
Gardnerella_leopoldii.fna	30C	39C	30	39	cervix	cervix	other	0.992157764937726	0.5158090615625259	False	0.5062551847704193
Gardnerella_leopoldii.fna	30C	39V	30	39	cervix	vagina	between_cervix_vagina	0.991993651842642	0.5406612336499297	False	0.8728218183824487
Gardnerella_leopoldii.fna	30C	3C	30	3	cervix	cervix	other	0.9865116930608392	0.5306195634243523	False	0.6522292689124355
Gardnerella_leopoldii.fna	30C	3V	30	3	cervix	vagina	between_cervix_vagina	0.9865382987364012	0.5314261049521128	False	0.8129540237002734
Gardnerella_leopoldii.fna	30C	42C	30	42	cervix	cervix	other	0.9814911646798702	0.3329321272809901	False	0.9414202947433834
Gardnerella_leopoldii.fna	30C	42V	30	42	cervix	vagina	between_cervix_vagina	0.9813850629836942	0.3269714137427634	False	0.9667813329324618
Gardnerella_leopoldii.fna	30C	4C	30	4	cervix	cervix	other	0.9869952451919664	0.4410015198450293	False	0.5201963418925536
Gardnerella_leopoldii.fna	31C	31V	31	31	cervix	vagina	within_cervix_vagina	0.9996736250032476	0.4015468384158924	False	0.3000974360043508
Gardnerella_leopoldii.fna	31C	33C	31	33	cervix	cervix	other	0.9830451632838008	0.3460649966845079	False	0.9164453924332877
Gardnerella_leopoldii.fna	31C	33V	31	33	cervix	vagina	between_cervix_vagina	0.9828246394709844	0.3991343859884763	False	0.9262586451327005
Gardnerella_leopoldii.fna	31C	34C	31	34	cervix	cervix	other	0.983332911625755	0.360763352109168	False	0.7270613385903437
Gardnerella_leopoldii.fna	31C	35C	31	35	cervix	cervix	other	0.9830401996536182	0.3030594460878824	False	0.936325422971426
Gardnerella_leopoldii.fna	31C	35V	31	35	cervix	vagina	between_cervix_vagina	0.9816797072479692	0.4759057943847236	False	0.7417097268322209
Gardnerella_leopoldii.fna	31C	37C	31	37	cervix	cervix	other	0.979622281894736	0.4392469497147112	False	0.50426989490418
Gardnerella_leopoldii.fna	31C	39C	31	39	cervix	cervix	other	0.9845959263104422	0.4402471394508345	False	0.271572727630114
Gardnerella_leopoldii.fna	31C	39V	31	39	cervix	vagina	between_cervix_vagina	0.9839139048671204	0.4768681672990117	False	0.6785941225191215
Gardnerella_leopoldii.fna	31C	3C	31	3	cervix	cervix	other	0.982106345043429	0.478325418968005	False	0.5587798380685163
Gardnerella_leopoldii.fna	31C	3V	31	3	cervix	vagina	between_cervix_vagina	0.98217015119984	0.4790498067103994	False	0.7291709287117056
Gardnerella_leopoldii.fna	31C	42C	31	42	cervix	cervix	other	0.976082142049732	0.2970583076711423	False	0.8761743521686352
Gardnerella_leopoldii.fna	31C	42V	31	42	cervix	vagina	between_cervix_vagina	0.975715468727739	0.2928951971984255	False	0.9270115763692091
Gardnerella_leopoldii.fna	31C	4C	31	4	cervix	cervix	other	0.9826808296386096	0.4001495720504998	False	0.6053025006297502
Gardnerella_leopoldii.fna	31V	33C	31	33	vagina	cervix	between_cervix_vagina	0.9827369298540792	0.3410190590261907	False	0.9394224870276786
Gardnerella_leopoldii.fna	31V	33V	31	33	vagina	vagina	other	0.9827411049156958	0.3914979960344498	False	0.9370753661198568
Gardnerella_leopoldii.fna	31V	34C	31	34	vagina	cervix	between_cervix_vagina	0.983025036454127	0.3527989990278469	False	0.8030718300298377
Gardnerella_leopoldii.fna	31V	35C	31	35	vagina	cervix	between_cervix_vagina	0.98288270250885	0.2963476122263089	False	0.9621235044720537
Gardnerella_leopoldii.fna	31V	35V	31	35	vagina	vagina	other	0.981227262985323	0.468499565432556	False	0.7723584750215738
Gardnerella_leopoldii.fna	31V	37C	31	37	vagina	cervix	between_cervix_vagina	0.978632504493165	0.4309839741437261	False	0.5539955968208331
Gardnerella_leopoldii.fna	31V	39C	31	39	vagina	cervix	between_cervix_vagina	0.983842567990056	0.4306560110164314	False	0.4669796247628495
Gardnerella_leopoldii.fna	31V	39V	31	39	vagina	vagina	other	0.9829394989506272	0.4675561009291853	False	0.4958561809461797
Gardnerella_leopoldii.fna	31V	3C	31	3	vagina	cervix	between_cervix_vagina	0.9815113051803764	0.4712536732848278	False	0.5808356999902545
Gardnerella_leopoldii.fna	31V	3V	31	3	vagina	vagina	other	0.9815854318832252	0.472053042656723	False	0.7052560596862529
Gardnerella_leopoldii.fna	31V	42C	31	42	vagina	cervix	between_cervix_vagina	0.9751523529004552	0.2919778132618378	False	0.8658203149241694
Gardnerella_leopoldii.fna	31V	42V	31	42	vagina	vagina	other	0.9749025368664896	0.2884999696813411	False	0.8787759145926037
Gardnerella_leopoldii.fna	31V	4C	31	4	vagina	cervix	between_cervix_vagina	0.9821058091286308	0.3947241621454917	False	0.7358694387929204
Gardnerella_leopoldii.fna	33C	33V	33	33	cervix	vagina	within_cervix_vagina	0.9999819565016363	0.5781709568112334	True	0.47039021941864007
Gardnerella_leopoldii.fna	33C	34C	33	34	cervix	cervix	other	0.9945447104617328	0.4923013426927794	False	0.8078466601661335
Gardnerella_leopoldii.fna	33C	35C	33	35	cervix	cervix	other	0.9948127560114184	0.4159270109258014	False	0.9132289200289638
Gardnerella_leopoldii.fna	33C	35V	33	35	cervix	vagina	between_cervix_vagina	0.9931280340914668	0.6244072376180879	False	0.9438017023573151
Gardnerella_leopoldii.fna	33C	37C	33	37	cervix	cervix	other	0.9712960893574172	0.5192914692422096	False	0.9549672517728849
Gardnerella_leopoldii.fna	33C	39C	33	39	cervix	cervix	other	0.975642396247832	0.5135250559265154	False	0.9024890652230646
Gardnerella_leopoldii.fna	33C	39V	33	39	cervix	vagina	between_cervix_vagina	0.9760512037978976	0.5691457766760187	False	0.7961531662270286
Gardnerella_leopoldii.fna	33C	3C	33	3	cervix	cervix	other	0.9937449848200326	0.630539430882912	False	0.9492318792998974
Gardnerella_leopoldii.fna	33C	3V	33	3	cervix	vagina	between_cervix_vagina	0.9937362596492388	0.6311184194654919	False	0.9099985162139879
Gardnerella_leopoldii.fna	33C	42C	33	42	cervix	cervix	other	0.9808212186853056	0.3398304371950611	False	0.990094257220734
Gardnerella_leopoldii.fna	33C	42V	33	42	cervix	vagina	between_cervix_vagina	0.9801707234952765	0.3292084743585647	False	0.993216312656134
Gardnerella_leopoldii.fna	33C	4C	33	4	cervix	cervix	other	0.9944183850345124	0.5247312234589482	False	0.8818856894186735
Gardnerella_leopoldii.fna	33V	34C	33	34	vagina	cervix	between_cervix_vagina	0.9944013716754546	0.5662267092388452	False	0.9245141152739317
Gardnerella_leopoldii.fna	33V	35C	33	35	vagina	cervix	between_cervix_vagina	0.994608097202727	0.4742666307624197	False	0.9632272980014484
Gardnerella_leopoldii.fna	33V	35V	33	35	vagina	vagina	other	0.9932223176642954	0.7271770590118465	False	0.9473922075764255
Gardnerella_leopoldii.fna	33V	37C	33	37	vagina	cervix	between_cervix_vagina	0.9713718769149536	0.6075539753629926	False	0.9491082398234295
Gardnerella_leopoldii.fna	33V	39C	33	39	vagina	cervix	between_cervix_vagina	0.97569358846539	0.5977365980117479	False	0.9129687588789398
Gardnerella_leopoldii.fna	33V	39V	33	39	vagina	vagina	other	0.976233266741124	0.6631870843817178	False	0.8164864755454395
Gardnerella_leopoldii.fna	33V	3C	33	3	vagina	cervix	between_cervix_vagina	0.9937755518397324	0.7334631276206894	False	0.9475190750277079
Gardnerella_leopoldii.fna	33V	3V	33	3	vagina	vagina	other	0.9937502109614692	0.7340362480757432	False	0.916077533632703
Gardnerella_leopoldii.fna	33V	42C	33	42	vagina	cervix	between_cervix_vagina	0.9809474318128836	0.4027569767146179	False	0.986381015102379
Gardnerella_leopoldii.fna	33V	42V	33	42	vagina	vagina	other	0.9803644997090604	0.3910657106400236	False	0.9909216094131404
Gardnerella_leopoldii.fna	33V	4C	33	4	vagina	cervix	between_cervix_vagina	0.9944068467463032	0.6029188066315058	False	0.9120104439796907
Gardnerella_leopoldii.fna	34C	35C	34	35	cervix	cervix	other	0.9999570197494252	0.4551026302903614	False	0.923125961068062
Gardnerella_leopoldii.fna	34C	35V	34	35	cervix	vagina	between_cervix_vagina	0.9999313710687876	0.6650401086516412	True	0.9160106123345627
Gardnerella_leopoldii.fna	34C	37C	34	37	cervix	cervix	other	0.9716232519616808	0.5447630547907067	False	0.9042460174448372
Gardnerella_leopoldii.fna	34C	39C	34	39	cervix	cervix	other	0.9759112342482263	0.5360919183495696	False	0.8026040303351809
Gardnerella_leopoldii.fna	34C	39V	34	39	cervix	vagina	between_cervix_vagina	0.976366901141624	0.5936882420328758	False	0.9153551567068067
Gardnerella_leopoldii.fna	34C	3C	34	3	cervix	cervix	other	0.9936572589479554	0.6547135082339609	False	0.8520138049384496
Gardnerella_leopoldii.fna	34C	3V	34	3	cervix	vagina	between_cervix_vagina	0.993624639198526	0.655761295004463	False	0.8966641031078689
Gardnerella_leopoldii.fna	34C	42C	34	42	cervix	cervix	other	0.98071831242044	0.358542591847606	False	0.9681130182318267
Gardnerella_leopoldii.fna	34C	42V	34	42	cervix	vagina	between_cervix_vagina	0.9801800013854902	0.3482453320675565	False	0.9817268845942833
Gardnerella_leopoldii.fna	34C	4C	34	4	cervix	cervix	other	0.9945179734046004	0.5425892395493539	False	0.601459765411892
Gardnerella_leopoldii.fna	35C	35V	35	35	cervix	vagina	within_cervix_vagina	0.999989344396218	0.5507081199888636	True	0.9702386012320531
Gardnerella_leopoldii.fna	35C	37C	35	37	cervix	cervix	other	0.9710944590234646	0.450457681346331	False	0.9744825690447774
Gardnerella_leopoldii.fna	35C	39C	35	39	cervix	cervix	other	0.9754526654310444	0.4436037083957908	False	0.9363794022279331
Gardnerella_leopoldii.fna	35C	39V	35	39	cervix	vagina	between_cervix_vagina	0.9758987335046788	0.4908786477747734	False	0.9870722863938579
Gardnerella_leopoldii.fna	35C	3C	35	3	cervix	cervix	other	0.993767620057348	0.541184801028096	False	0.9635388086502785
Gardnerella_leopoldii.fna	35C	3V	35	3	cervix	vagina	between_cervix_vagina	0.993726767197238	0.5418179067867502	False	0.9832852491451215
Gardnerella_leopoldii.fna	35C	42C	35	42	cervix	cervix	other	0.9805032044829576	0.2947254009724139	False	0.9955595848668543
Gardnerella_leopoldii.fna	35C	42V	35	42	cervix	vagina	between_cervix_vagina	0.97992703226542	0.2859408140657712	False	0.9975120205832059
Gardnerella_leopoldii.fna	35C	4C	35	4	cervix	cervix	other	0.994637281698319	0.4525310864055697	False	0.8272166372355133
Gardnerella_leopoldii.fna	35V	37C	35	37	vagina	cervix	between_cervix_vagina	0.9715804371590472	0.7407885068158301	False	0.66150305785459
Gardnerella_leopoldii.fna	35V	39C	35	39	vagina	cervix	between_cervix_vagina	0.9758774657458932	0.723411025168399	False	0.6910783262502145
Gardnerella_leopoldii.fna	35V	39V	35	39	vagina	vagina	other	0.9761810139337992	0.8055537262935798	False	0.5782779303244568
Gardnerella_leopoldii.fna	35V	3C	35	3	vagina	cervix	between_cervix_vagina	0.9927164849097244	0.886597783543032	False	0.41619153147581617
Gardnerella_leopoldii.fna	35V	3V	35	3	vagina	vagina	other	0.992699593867189	0.8881189326006432	False	0.6210922442322536
Gardnerella_leopoldii.fna	35V	42C	35	42	vagina	cervix	between_cervix_vagina	0.9810506605051962	0.5090704951199999	False	0.7507975216421143
Gardnerella_leopoldii.fna	35V	42V	35	42	vagina	vagina	other	0.980542320157588	0.4955027322653776	False	0.8489227251692988
Gardnerella_leopoldii.fna	35V	4C	35	4	vagina	cervix	between_cervix_vagina	0.993328547064816	0.6893035119439216	False	0.9071065686172434
Gardnerella_leopoldii.fna	37C	39C	37	39	cervix	cervix	other	0.9916235242556222	0.7140924386568769	False	0.45192022057754505
Gardnerella_leopoldii.fna	37C	39V	37	39	cervix	vagina	between_cervix_vagina	0.9913334443885392	0.76715465580498	False	0.4952331108799675
Gardnerella_leopoldii.fna	37C	3C	37	3	cervix	cervix	other	0.9716860443074524	0.7395216432843519	False	0.5073235556355178
Gardnerella_leopoldii.fna	37C	3V	37	3	cervix	vagina	between_cervix_vagina	0.9717841242568864	0.740751994022334	False	0.6610472948138085
Gardnerella_leopoldii.fna	37C	42C	37	42	cervix	cervix	other	0.9742306903376636	0.4799782748878698	False	0.7579347804856078
Gardnerella_leopoldii.fna	37C	42V	37	42	cervix	vagina	between_cervix_vagina	0.9740985462419668	0.4688197043898158	False	0.8308576790577581
Gardnerella_leopoldii.fna	37C	4C	37	4	cervix	cervix	other	0.9717947586693726	0.5911421267006974	False	0.8640340968201606
Gardnerella_leopoldii.fna	39C	39V	39	39	cervix	vagina	within_cervix_vagina	0.9999779315964368	0.7681737539520209	True	0.671872635312406
Gardnerella_leopoldii.fna	39C	3C	39	3	cervix	cervix	other	0.9759252067653422	0.7236268418585272	False	0.5604113920140998
Gardnerella_leopoldii.fna	39C	3V	39	3	cervix	vagina	between_cervix_vagina	0.9760270276104744	0.7248780570499358	False	0.7446776329285838
Gardnerella_leopoldii.fna	39C	42C	39	42	cervix	cervix	other	0.9775028168777224	0.4652486227830703	False	0.8784788060756651
Gardnerella_leopoldii.fna	39C	42V	39	42	cervix	vagina	between_cervix_vagina	0.9774390287499732	0.4559567688525007	False	0.9269499487736389
Gardnerella_leopoldii.fna	39C	4C	39	4	cervix	cervix	other	0.976005906653301	0.5801908967085673	False	0.6980104202283024
Gardnerella_leopoldii.fna	39V	3C	39	3	vagina	cervix	between_cervix_vagina	0.976527980615904	0.8067390880538616	False	0.5343735829981805
Gardnerella_leopoldii.fna	39V	3V	39	3	vagina	vagina	other	0.9766136244325976	0.8085503834169324	False	0.555314992854736
Gardnerella_leopoldii.fna	39V	42C	39	42	vagina	cervix	between_cervix_vagina	0.9772916008599872	0.5119145809276727	False	0.6865865614314017
Gardnerella_leopoldii.fna	39V	42V	39	42	vagina	vagina	other	0.9772545142321902	0.5011902518665535	False	0.7102343910258121
Gardnerella_leopoldii.fna	39V	4C	39	4	vagina	cervix	between_cervix_vagina	0.9768151712608792	0.6451008633319619	False	0.8743726854571324
Gardnerella_leopoldii.fna	3C	3V	3	3	cervix	vagina	within_cervix_vagina	0.9999985677589652	0.9104810625744518	True	0.3803243545186398
Gardnerella_leopoldii.fna	3C	42C	3	42	cervix	cervix	other	0.9814275752205596	0.5095718940164008	False	0.7970828335932785
Gardnerella_leopoldii.fna	3C	42V	3	42	cervix	vagina	between_cervix_vagina	0.9809597795882528	0.4960249956152047	False	0.87763442815041
Gardnerella_leopoldii.fna	3C	4C	3	4	cervix	cervix	other	0.9998540388736974	0.7057922982782262	True	0.755649156369153
Gardnerella_leopoldii.fna	3V	42C	3	42	vagina	cervix	between_cervix_vagina	0.9815569269122508	0.5105297028315019	False	0.7851181952450008
Gardnerella_leopoldii.fna	3V	42V	3	42	vagina	vagina	other	0.9811161882977552	0.4971295076184596	False	0.8012921809576167
Gardnerella_leopoldii.fna	3V	4C	3	4	vagina	cervix	between_cervix_vagina	0.9998338186444402	0.7062317558285177	True	0.8402982438748549
Gardnerella_leopoldii.fna	42C	42V	42	42	cervix	vagina	within_cervix_vagina	0.999984795865489	0.5146080514621744	True	0.2875804750689081
Gardnerella_leopoldii.fna	42C	4C	42	4	cervix	cervix	other	0.980643922989094	0.3974521894309807	False	0.9551326225955606
Gardnerella_leopoldii.fna	42V	4C	42	4	vagina	cervix	between_cervix_vagina	0.97996648180056	0.3874946290332781	False	0.9746284355889239
Gardnerella_piotii.fna	22C	22V	22	22	cervix	vagina	within_cervix_vagina	0.999980330620416	0.9040712091125536	True	0.21488888040226176
Gardnerella_piotii.fna	22C	24C	22	24	cervix	cervix	other	0.9999810857534112	0.8705234976240578	True	0.4329710646685089
Gardnerella_piotii.fna	22C	28C	22	28	cervix	cervix	other	0.980279597256975	0.7712147107541435	False	0.7421002112357991
Gardnerella_piotii.fna	22C	28V	22	28	cervix	vagina	between_cervix_vagina	0.9792829562849468	0.8252261508418706	False	0.46942320766087153
Gardnerella_piotii.fna	22C	30C	22	30	cervix	cervix	other	0.9939903758918268	0.635200168604632	False	0.7831789452583645
Gardnerella_piotii.fna	22C	31C	22	31	cervix	cervix	other	0.9919841155415696	0.8405309728684851	False	0.5972336702742669
Gardnerella_piotii.fna	22C	31V	22	31	cervix	vagina	between_cervix_vagina	0.9918121321930384	0.8676796116824569	False	0.5043886147995361
Gardnerella_piotii.fna	22C	37C	22	37	cervix	cervix	other	0.9916548821548822	0.7824308704543433	False	0.4264495955015033
Gardnerella_piotii.fna	22C	38V	22	38	cervix	vagina	between_cervix_vagina	0.990731552855662	0.6531084832498543	False	0.571561387417031
Gardnerella_piotii.fna	22C	39C	22	39	cervix	cervix	other	0.9919256236336308	0.775142013178823	False	0.5847926643968331
Gardnerella_piotii.fna	22C	39V	22	39	cervix	vagina	between_cervix_vagina	0.990864842977856	0.8669590903253214	False	0.4255351087706065
Gardnerella_piotii.fna	22C	3C	22	3	cervix	cervix	other	0.9888054550006904	0.8443752902008437	False	0.6006666149495684
Gardnerella_piotii.fna	22C	3V	22	3	cervix	vagina	between_cervix_vagina	0.9884284697934048	0.8600094181493666	False	0.6371012762171454
Gardnerella_piotii.fna	22C	41C	22	41	cervix	cervix	other	0.9791473638479176	0.7655671141934145	False	0.9033563309055843
Gardnerella_piotii.fna	22C	41V	22	41	cervix	vagina	between_cervix_vagina	0.977439849800367	0.8285725576203037	False	0.4711336566538603
Gardnerella_piotii.fna	22C	42C	22	42	cervix	cervix	other	0.9781908028051453	0.7914202635105987	False	0.7702675577470643
Gardnerella_piotii.fna	22C	42V	22	42	cervix	vagina	between_cervix_vagina	0.9769625533520035	0.8311036029360916	False	0.8251226961616221
Gardnerella_piotii.fna	22C	5V	22	5	cervix	vagina	between_cervix_vagina	0.9773443658021608	0.8113300995491802	False	0.5793424491900864
Gardnerella_piotii.fna	22C	6V	22	6	cervix	vagina	between_cervix_vagina	0.9757111863171498	0.7807738030553003	False	0.648645518302028
Gardnerella_piotii.fna	22C	7C	22	7	cervix	cervix	other	0.9904942189473068	0.8548432668464677	False	0.6729492080876455
Gardnerella_piotii.fna	22C	7V	22	7	cervix	vagina	between_cervix_vagina	0.9903673020329516	0.8763989738827473	False	0.7041304693427878
Gardnerella_piotii.fna	22V	24C	22	24	vagina	cervix	between_cervix_vagina	0.9999841443857536	0.8722997737668317	True	0.43847273425761
Gardnerella_piotii.fna	22V	28C	22	28	vagina	cervix	between_cervix_vagina	0.9799411546116764	0.7762939252936586	False	0.7143590854856979
Gardnerella_piotii.fna	22V	28V	22	28	vagina	vagina	other	0.9788981618632696	0.832806114552358	False	0.4073789684273233
Gardnerella_piotii.fna	22V	30C	22	30	vagina	cervix	between_cervix_vagina	0.993804045587692	0.638101353776645	False	0.7828179229139353
Gardnerella_piotii.fna	22V	31C	22	31	vagina	cervix	between_cervix_vagina	0.991808597739438	0.8454356552693887	False	0.579885919797612
Gardnerella_piotii.fna	22V	31V	22	31	vagina	vagina	other	0.9916349855666629	0.8752082036691265	False	0.4767465873627615
Gardnerella_piotii.fna	22V	37C	22	37	vagina	cervix	between_cervix_vagina	0.9914145677399994	0.7856916576930802	False	0.5392192794314736
Gardnerella_piotii.fna	22V	38V	22	38	vagina	vagina	other	0.9905613307700416	0.6560531368035591	False	0.5960958383816961
Gardnerella_piotii.fna	22V	39C	22	39	vagina	cervix	between_cervix_vagina	0.9916833830948476	0.7784600996479719	False	0.5705654391279567
Gardnerella_piotii.fna	22V	39V	22	39	vagina	vagina	other	0.99067220575121	0.8736966894875671	False	0.3706327570217234
Gardnerella_piotii.fna	22V	3C	22	3	vagina	cervix	between_cervix_vagina	0.9886526413489056	0.8515192528707244	False	0.6238194135759529
Gardnerella_piotii.fna	22V	3V	22	3	vagina	vagina	other	0.9882694991824036	0.8691845397455783	False	0.608689801095172
Gardnerella_piotii.fna	22V	41C	22	41	vagina	cervix	between_cervix_vagina	0.9786896255902222	0.7707879302793502	False	0.9031845479974937
Gardnerella_piotii.fna	22V	41V	22	41	vagina	vagina	other	0.9770403745580146	0.836703120832222	False	0.4033389002320319
Gardnerella_piotii.fna	22V	42C	22	42	vagina	cervix	between_cervix_vagina	0.977831838626164	0.7970250503014795	False	0.8190984705805749
Gardnerella_piotii.fna	22V	42V	22	42	vagina	vagina	other	0.976588936049913	0.8386862010939543	False	0.8228622378795598
Gardnerella_piotii.fna	22V	5V	22	5	vagina	vagina	other	0.9769740972680586	0.8182198380473477	False	0.6087972012541482
Gardnerella_piotii.fna	22V	6V	22	6	vagina	vagina	other	0.9754063255456014	0.7873507009276548	False	0.617690212160422
Gardnerella_piotii.fna	22V	7C	22	7	vagina	cervix	between_cervix_vagina	0.9903277967623428	0.8626735030576055	False	0.6140028124796456
Gardnerella_piotii.fna	22V	7V	22	7	vagina	vagina	other	0.9902026256576958	0.8866081160737513	False	0.6419877989180369
Gardnerella_piotii.fna	24C	28C	24	28	cervix	cervix	other	0.979393795329237	0.7536277986887038	False	0.6581402588604666
Gardnerella_piotii.fna	24C	28V	24	28	cervix	vagina	between_cervix_vagina	0.9784261633921888	0.8014891213788697	False	0.5610901279581041
Gardnerella_piotii.fna	24C	30C	24	30	cervix	cervix	other	0.9930772479626044	0.622197853584001	False	0.5351517633116994
Gardnerella_piotii.fna	24C	31C	24	31	cervix	cervix	other	0.9911360550550004	0.8207436386328535	False	0.35058025141232996
Gardnerella_piotii.fna	24C	31V	24	31	cervix	vagina	between_cervix_vagina	0.991036831554356	0.8423724515837968	False	0.4460606124548128
Gardnerella_piotii.fna	24C	37C	24	37	cervix	cervix	other	0.9906969682152847	0.7677760983175761	False	0.5211483683129274
Gardnerella_piotii.fna	24C	38V	24	38	cervix	vagina	between_cervix_vagina	0.9896389621897675	0.6406837708162506	False	0.5022338470932152
Gardnerella_piotii.fna	24C	39C	24	39	cervix	cervix	other	0.9908335167034272	0.7602448718835311	False	0.4260444262503482
Gardnerella_piotii.fna	24C	39V	24	39	cervix	vagina	between_cervix_vagina	0.9898457619746472	0.8418929821614982	False	0.6107389337728372
Gardnerella_piotii.fna	24C	3C	24	3	cervix	cervix	other	0.9878680839693248	0.8207732761658253	False	0.5913953949181545
Gardnerella_piotii.fna	24C	3V	24	3	cervix	vagina	between_cervix_vagina	0.9875644333463274	0.8329325680263708	False	0.6925555443508685
Gardnerella_piotii.fna	24C	41C	24	41	cervix	cervix	other	0.9781806465697857	0.7481593445494931	False	0.7740516122997625
Gardnerella_piotii.fna	24C	41V	24	41	cervix	vagina	between_cervix_vagina	0.9765462509307856	0.8039957980564364	False	0.564397118120423
Gardnerella_piotii.fna	24C	42C	24	42	cervix	cervix	other	0.977218043186844	0.7713596053597832	False	0.878975375077412
Gardnerella_piotii.fna	24C	42V	24	42	cervix	vagina	between_cervix_vagina	0.9759904686518202	0.8070827117684057	False	0.9187080959218195
Gardnerella_piotii.fna	24C	5V	24	5	cervix	vagina	between_cervix_vagina	0.9764115567002905	0.7885994289835314	False	0.5945650247991747
Gardnerella_piotii.fna	24C	6V	24	6	cervix	vagina	between_cervix_vagina	0.9746444470776892	0.7614586935116854	False	0.7654556633745055
Gardnerella_piotii.fna	24C	7C	24	7	cervix	cervix	other	0.9895550750798404	0.8300649720583926	False	0.6049029459750874
Gardnerella_piotii.fna	24C	7V	24	7	cervix	vagina	between_cervix_vagina	0.989494662962194	0.8469833931023582	False	0.8230992254046697
Gardnerella_piotii.fna	28C	28V	28	28	cervix	vagina	within_cervix_vagina	0.9999625977134736	0.7923989607105104	True	0.8011329277728844
Gardnerella_piotii.fna	28C	30C	28	30	cervix	cervix	other	0.979565625711908	0.5666459203935864	False	0.7668350916141243
Gardnerella_piotii.fna	28C	31C	28	31	cervix	cervix	other	0.9776870918693136	0.7467525496511004	False	0.7705489500629171
Gardnerella_piotii.fna	28C	31V	28	31	cervix	vagina	between_cervix_vagina	0.9772053096964352	0.7653234278112023	False	0.8165725907590088
Gardnerella_piotii.fna	28C	37C	28	37	cervix	cervix	other	0.976394263300845	0.6988517102503055	False	0.6068528912166299
Gardnerella_piotii.fna	28C	38V	28	38	cervix	vagina	between_cervix_vagina	0.9750139872238788	0.5862290849576348	False	0.8099272663816344
Gardnerella_piotii.fna	28C	39C	28	39	cervix	cervix	other	0.9767745139479914	0.6949237492137821	False	0.7300388269744399
Gardnerella_piotii.fna	28C	39V	28	39	cervix	vagina	between_cervix_vagina	0.9754497649527968	0.7653774339823953	False	0.786751603079693
Gardnerella_piotii.fna	28C	3C	28	3	cervix	cervix	other	0.973249367045224	0.7494456134804672	False	0.7764173353016681
Gardnerella_piotii.fna	28C	3V	28	3	cervix	vagina	between_cervix_vagina	0.972890839930198	0.762006658565741	False	0.6434041857732677
Gardnerella_piotii.fna	28C	41C	28	41	cervix	cervix	other	0.9775147140923238	0.7219887443235892	False	0.8754372566213827
Gardnerella_piotii.fna	28C	41V	28	41	cervix	vagina	between_cervix_vagina	0.976426047407159	0.7621238914739403	False	0.866750301790245
Gardnerella_piotii.fna	28C	42C	28	42	cervix	cervix	other	0.977827469440221	0.739866104212152	False	0.9215295322162304
Gardnerella_piotii.fna	28C	42V	28	42	cervix	vagina	between_cervix_vagina	0.9769162931981454	0.7662408741096391	False	0.9269465846843855
Gardnerella_piotii.fna	28C	5V	28	5	cervix	vagina	between_cervix_vagina	0.9780291346525212	0.7554402984828876	False	0.8792073434184996
Gardnerella_piotii.fna	28C	6V	28	6	cervix	vagina	between_cervix_vagina	0.9796110517044774	0.7421798076194804	False	0.9057870984255104
Gardnerella_piotii.fna	28C	7C	28	7	cervix	cervix	other	0.9738058309952424	0.7558624686747741	False	0.7679977211705872
Gardnerella_piotii.fna	28C	7V	28	7	cervix	vagina	between_cervix_vagina	0.973687961847758	0.7715749714327113	False	0.8669530775524178
Gardnerella_piotii.fna	28V	30C	28	30	vagina	cervix	between_cervix_vagina	0.9786772590457612	0.5982342616467272	False	0.753900608405786
Gardnerella_piotii.fna	28V	31C	28	31	vagina	cervix	between_cervix_vagina	0.97650204503394	0.7928975298762798	False	0.716913620607852
Gardnerella_piotii.fna	28V	31V	28	31	vagina	vagina	other	0.97592420418825	0.8181836143959377	False	0.6912853527259254
Gardnerella_piotii.fna	28V	37C	28	37	vagina	cervix	between_cervix_vagina	0.975611499478206	0.7371289133892495	False	0.8076690881958865
Gardnerella_piotii.fna	28V	38V	28	38	vagina	vagina	other	0.9744538662062572	0.619498203636196	False	0.7974894778879845
Gardnerella_piotii.fna	28V	39C	28	39	vagina	cervix	between_cervix_vagina	0.975809902969884	0.7325291682720331	False	0.7433808619602608
Gardnerella_piotii.fna	28V	39V	28	39	vagina	vagina	other	0.97446269974021	0.818606443199668	False	0.6646921458966086
Gardnerella_piotii.fna	28V	3C	28	3	vagina	cervix	between_cervix_vagina	0.9722784579624452	0.7993183367416496	False	0.7091853525075628
Gardnerella_piotii.fna	28V	3V	28	3	vagina	vagina	other	0.9718948959149408	0.8162960328515587	False	0.7316226980147815
Gardnerella_piotii.fna	28V	41C	28	41	vagina	cervix	between_cervix_vagina	0.9769000825492026	0.7603430050482598	False	0.8511123882459543
Gardnerella_piotii.fna	28V	41V	28	41	vagina	vagina	other	0.9760042500271664	0.8182231311065666	False	0.39512702202444666
Gardnerella_piotii.fna	28V	42C	28	42	vagina	cervix	between_cervix_vagina	0.9772609671041652	0.7815048622019369	False	0.9227771206207461
Gardnerella_piotii.fna	28V	42V	28	42	vagina	vagina	other	0.976399685211358	0.820156156868169	False	0.9461835120358644
Gardnerella_piotii.fna	28V	5V	28	5	vagina	vagina	other	0.977651111293365	0.8030454211658088	False	0.774815077735439
Gardnerella_piotii.fna	28V	6V	28	6	vagina	vagina	other	0.9792994712278332	0.78531888338948	False	0.321728478232227
Gardnerella_piotii.fna	28V	7C	28	7	vagina	cervix	between_cervix_vagina	0.97271377304789	0.8089808311022857	False	0.6486805778382216
Gardnerella_piotii.fna	28V	7V	28	7	vagina	vagina	other	0.9726582652217324	0.8298127237222107	False	0.873411545567146
Gardnerella_piotii.fna	30C	31C	30	31	cervix	cervix	other	0.9963492013218044	0.6238305523448228	False	0.48337459734326255
Gardnerella_piotii.fna	30C	31V	30	31	cervix	vagina	between_cervix_vagina	0.9964130657670532	0.632734325861382	False	0.7012363641808778
Gardnerella_piotii.fna	30C	37C	30	37	cervix	cervix	other	0.9899023267718	0.5841472129193299	False	0.7141698044486418
Gardnerella_piotii.fna	30C	38V	30	38	cervix	vagina	between_cervix_vagina	0.9893755172533084	0.4949902690100076	False	0.5977499727766595
Gardnerella_piotii.fna	30C	39C	30	39	cervix	cervix	other	0.9909491293492888	0.5814146323793341	False	0.5062551847704193
Gardnerella_piotii.fna	30C	39V	30	39	cervix	vagina	between_cervix_vagina	0.9903360850542088	0.6274041802093727	False	0.8728218183824487
Gardnerella_piotii.fna	30C	3C	30	3	cervix	cervix	other	0.988087369371471	0.6098139750847139	False	0.6522292689124355
Gardnerella_piotii.fna	30C	3V	30	3	cervix	vagina	between_cervix_vagina	0.987728047391011	0.6179340005071311	False	0.8129540237002734
Gardnerella_piotii.fna	30C	41C	30	41	cervix	cervix	other	0.97807899919244	0.5578415972654436	False	0.7378444735045223
Gardnerella_piotii.fna	30C	41V	30	41	cervix	vagina	between_cervix_vagina	0.976487939640418	0.5983850837589613	False	0.8315384208590224
Gardnerella_piotii.fna	30C	42C	30	42	cervix	cervix	other	0.9772942537214884	0.5785325469507918	False	0.9414202947433834
Gardnerella_piotii.fna	30C	42V	30	42	cervix	vagina	between_cervix_vagina	0.9763688257540616	0.6034234643641596	False	0.9667813329324618
Gardnerella_piotii.fna	30C	5V	30	5	cervix	vagina	between_cervix_vagina	0.9769717530328628	0.5878479528697365	False	0.7760539860759389
Gardnerella_piotii.fna	30C	6V	30	6	cervix	vagina	between_cervix_vagina	0.9751264539884146	0.5666643615252133	False	0.9472722388294428
Gardnerella_piotii.fna	30C	7C	30	7	cervix	cervix	other	0.989302848527824	0.6185827331732906	False	0.6822428936888897
Gardnerella_piotii.fna	30C	7V	30	7	cervix	vagina	between_cervix_vagina	0.9892441569072956	0.6307604661654631	False	0.9305969383820276
Gardnerella_piotii.fna	31C	31V	31	31	cervix	vagina	within_cervix_vagina	0.9999522818510947	0.8557317342237766	True	0.3000974360043508
Gardnerella_piotii.fna	31C	37C	31	37	cervix	cervix	other	0.9871146562297878	0.756578379749003	False	0.50426989490418
Gardnerella_piotii.fna	31C	38V	31	38	cervix	vagina	between_cervix_vagina	0.987743541861189	0.6348359562550013	False	0.44299784276827014
Gardnerella_piotii.fna	31C	39C	31	39	cervix	cervix	other	0.9887266819648782	0.7528282439103102	False	0.271572727630114
Gardnerella_piotii.fna	31C	39V	31	39	cervix	vagina	between_cervix_vagina	0.987842060830877	0.8316383957532708	False	0.6785941225191215
Gardnerella_piotii.fna	31C	3C	31	3	cervix	cervix	other	0.9857165601473832	0.8108012342385953	False	0.5587798380685163
Gardnerella_piotii.fna	31C	3V	31	3	cervix	vagina	between_cervix_vagina	0.9853838247019606	0.8227142052695534	False	0.7291709287117056
Gardnerella_piotii.fna	31C	41C	31	41	cervix	cervix	other	0.9763187751936194	0.7412893644066402	False	0.7392405691113795
Gardnerella_piotii.fna	31C	41V	31	41	cervix	vagina	between_cervix_vagina	0.9747949459265732	0.7966298831951895	False	0.7285261656044802
Gardnerella_piotii.fna	31C	42C	31	42	cervix	cervix	other	0.9753322399363256	0.7645877583816589	False	0.8761743521686352
Gardnerella_piotii.fna	31C	42V	31	42	cervix	vagina	between_cervix_vagina	0.9742328761481116	0.799521847801389	False	0.9270115763692091
Gardnerella_piotii.fna	31C	5V	31	5	cervix	vagina	between_cervix_vagina	0.9749290321387531	0.783499797476858	False	0.5645712331412751
Gardnerella_piotii.fna	31C	6V	31	6	cervix	vagina	between_cervix_vagina	0.9731720982840266	0.7546519401058389	False	0.9107611451455639
Gardnerella_piotii.fna	31C	7C	31	7	cervix	cervix	other	0.9875987646893676	0.821058455094198	False	0.4458441518015241
Gardnerella_piotii.fna	31C	7V	31	7	cervix	vagina	between_cervix_vagina	0.9874559156404836	0.8394304324774673	False	0.8092889430534663
Gardnerella_piotii.fna	31V	37C	31	37	vagina	cervix	between_cervix_vagina	0.98706613828915	0.7711554356882	False	0.5539955968208331
Gardnerella_piotii.fna	31V	38V	31	38	vagina	vagina	other	0.9877724014063368	0.6472145658595378	False	0.5748398166593573
Gardnerella_piotii.fna	31V	39C	31	39	vagina	cervix	between_cervix_vagina	0.9887348316398852	0.7680474463972286	False	0.4669796247628495
Gardnerella_piotii.fna	31V	39V	31	39	vagina	vagina	other	0.9878465683909532	0.8586632155406051	False	0.4958561809461797
Gardnerella_piotii.fna	31V	3C	31	3	vagina	cervix	between_cervix_vagina	0.9856397953861332	0.8384339527577724	False	0.5808356999902545
Gardnerella_piotii.fna	31V	3V	31	3	vagina	vagina	other	0.9853324299379868	0.8534634750336715	False	0.7052560596862529
Gardnerella_piotii.fna	31V	41C	31	41	vagina	cervix	between_cervix_vagina	0.9758541239590284	0.7620744955856541	False	0.8347398420777885
Gardnerella_piotii.fna	31V	41V	31	41	vagina	vagina	other	0.9742410862346608	0.8241177071087269	False	0.6380523922925507
Gardnerella_piotii.fna	31V	42C	31	42	vagina	cervix	between_cervix_vagina	0.9750285727692292	0.786016353332082	False	0.8658203149241694
Gardnerella_piotii.fna	31V	42V	31	42	vagina	vagina	other	0.9738918951687524	0.8256832274614795	False	0.8787759145926037
Gardnerella_piotii.fna	31V	5V	31	5	vagina	vagina	other	0.9746075290168796	0.807635287105368	False	0.5455345986463079
Gardnerella_piotii.fna	31V	6V	31	6	vagina	vagina	other	0.9727211199554106	0.7775222363823768	False	0.8934338503814461
Gardnerella_piotii.fna	31V	7C	31	7	vagina	cervix	between_cervix_vagina	0.9876661858797702	0.8484013844020957	False	0.4241006228810109
Gardnerella_piotii.fna	31V	7V	31	7	vagina	vagina	other	0.9874813117167772	0.86959551353612	False	0.6804331820169073
Gardnerella_piotii.fna	37C	38V	37	38	cervix	vagina	between_cervix_vagina	0.9850455372405036	0.5991359012609124	False	0.48890519995190773
Gardnerella_piotii.fna	37C	39C	37	39	cervix	cervix	other	0.9865404502574175	0.7082026812088161	False	0.45192022057754505
Gardnerella_piotii.fna	37C	39V	37	39	cervix	vagina	between_cervix_vagina	0.9855759042404107	0.7707497307924088	False	0.4952331108799675
Gardnerella_piotii.fna	37C	3C	37	3	cervix	cervix	other	0.9831572096107676	0.7508260639051072	False	0.5073235556355178
Gardnerella_piotii.fna	37C	3V	37	3	cervix	vagina	between_cervix_vagina	0.9829036867825082	0.7599939407710369	False	0.6610472948138085
Gardnerella_piotii.fna	37C	41C	37	41	cervix	cervix	other	0.9749713818401214	0.6909885434469768	False	0.8855920274670539
Gardnerella_piotii.fna	37C	41V	37	41	cervix	vagina	between_cervix_vagina	0.973406327512384	0.7371025689154969	False	0.8234349125557187
Gardnerella_piotii.fna	37C	42C	37	42	cervix	cervix	other	0.9740434925538148	0.7172375184822949	False	0.7579347804856078
Gardnerella_piotii.fna	37C	42V	37	42	cervix	vagina	between_cervix_vagina	0.9727936760289702	0.7456803295693667	False	0.8308576790577581
Gardnerella_piotii.fna	37C	5V	37	5	cervix	vagina	between_cervix_vagina	0.9733934122375252	0.7262987002295263	False	0.5426829028768712
Gardnerella_piotii.fna	37C	6V	37	6	cervix	vagina	between_cervix_vagina	0.97305360147454	0.7053587952672153	False	0.9375925174948353
Gardnerella_piotii.fna	37C	7C	37	7	cervix	cervix	other	0.9849971793345308	0.7600268713632278	False	0.6067454743994453
Gardnerella_piotii.fna	37C	7V	37	7	cervix	vagina	between_cervix_vagina	0.9848242621524828	0.7753231314358726	False	0.694179114591852
Gardnerella_piotii.fna	38V	39C	38	39	vagina	cervix	between_cervix_vagina	0.9866413144166544	0.5943866512551496	False	0.47111515494502276
Gardnerella_piotii.fna	38V	39V	38	39	vagina	vagina	other	0.98608459617122	0.6444411513852254	False	0.5715022043369118
Gardnerella_piotii.fna	38V	3C	38	3	vagina	cervix	between_cervix_vagina	0.9844410932457234	0.6358844663103577	False	0.6615651168566065
Gardnerella_piotii.fna	38V	3V	38	3	vagina	vagina	other	0.984315387442278	0.643385396599587	False	0.6896953749528698
Gardnerella_piotii.fna	38V	41C	38	41	vagina	cervix	between_cervix_vagina	0.9742177477515936	0.5862870427998906	False	0.9181749066759437
Gardnerella_piotii.fna	38V	41V	38	41	vagina	vagina	other	0.9728725114511462	0.6247559019853854	False	0.808375647339034
Gardnerella_piotii.fna	38V	42C	38	42	vagina	cervix	between_cervix_vagina	0.9740631816553984	0.6068910557218551	False	0.795730509104414
Gardnerella_piotii.fna	38V	42V	38	42	vagina	vagina	other	0.9728491642385816	0.6277117519404352	False	0.8792077702972725
Gardnerella_piotii.fna	38V	5V	38	5	vagina	vagina	other	0.9736353413378558	0.6132051674685266	False	0.418708258468812
Gardnerella_piotii.fna	38V	6V	38	6	vagina	vagina	other	0.9710123045051386	0.5932294702455634	False	0.9639500792935386
Gardnerella_piotii.fna	38V	7C	38	7	vagina	cervix	between_cervix_vagina	0.9865683297180045	0.6451926274990203	False	0.673056988952476
Gardnerella_piotii.fna	38V	7V	38	7	vagina	vagina	other	0.9866027105467426	0.6567295311671589	False	0.7187471420555634
Gardnerella_piotii.fna	39C	39V	39	39	cervix	vagina	within_cervix_vagina	0.9999698913076204	0.7874811060727305	True	0.671872635312406
Gardnerella_piotii.fna	39C	3C	39	3	cervix	cervix	other	0.9848489670915712	0.7449413670806042	False	0.5604113920140998
Gardnerella_piotii.fna	39C	3V	39	3	cervix	vagina	between_cervix_vagina	0.9846260556990298	0.754874550909049	False	0.7446776329285838
Gardnerella_piotii.fna	39C	41C	39	41	cervix	cervix	other	0.9749994960543455	0.686127988039609	False	0.7675652816891179
Gardnerella_piotii.fna	39C	41V	39	41	cervix	vagina	between_cervix_vagina	0.9736097403413068	0.7340492444075621	False	0.7923542893729837
Gardnerella_piotii.fna	39C	42C	39	42	cervix	cervix	other	0.9749163318699174	0.7068801886264321	False	0.8784788060756651
Gardnerella_piotii.fna	39C	42V	39	42	cervix	vagina	between_cervix_vagina	0.9737528089083544	0.7362437390711597	False	0.9269499487736389
Gardnerella_piotii.fna	39C	5V	39	5	cervix	vagina	between_cervix_vagina	0.9735384682440734	0.7253022205098314	False	0.5346781656590736
Gardnerella_piotii.fna	39C	6V	39	6	cervix	vagina	between_cervix_vagina	0.971783068144988	0.6990400732376371	False	0.9268114513311386
Gardnerella_piotii.fna	39C	7C	39	7	cervix	cervix	other	0.9880935814924334	0.7572718980205421	False	0.41506481291947384
Gardnerella_piotii.fna	39C	7V	39	7	cervix	vagina	between_cervix_vagina	0.9880175994710934	0.7710480819576578	False	0.8054683944443475
Gardnerella_piotii.fna	39V	3C	39	3	vagina	cervix	between_cervix_vagina	0.983977996754917	0.83212313407032	False	0.5343735829981805
Gardnerella_piotii.fna	39V	3V	39	3	vagina	vagina	other	0.9837252676090896	0.848216973085827	False	0.555314992854736
Gardnerella_piotii.fna	39V	41C	39	41	vagina	cervix	between_cervix_vagina	0.9741428800270155	0.7606209392463504	False	0.9289373017130008
Gardnerella_piotii.fna	39V	41V	39	41	vagina	vagina	other	0.9726304774989216	0.8245425117479888	False	0.6320045814341225
Gardnerella_piotii.fna	39V	42C	39	42	vagina	cervix	between_cervix_vagina	0.974109272028851	0.7849191060002833	False	0.6865865614314017
Gardnerella_piotii.fna	39V	42V	39	42	vagina	vagina	other	0.972875265030366	0.8247236300050383	False	0.7102343910258121
Gardnerella_piotii.fna	39V	5V	39	5	vagina	vagina	other	0.972652168393504	0.8093259437084457	False	0.5133388833609775
Gardnerella_piotii.fna	39V	6V	39	6	vagina	vagina	other	0.9709084026996244	0.7795145372099227	False	0.8092937616881233
Gardnerella_piotii.fna	39V	7C	39	7	vagina	cervix	between_cervix_vagina	0.9875586056993776	0.8472060039055682	False	0.686919958489681
Gardnerella_piotii.fna	39V	7V	39	7	vagina	vagina	other	0.9874838958346928	0.8680385551373371	False	0.4954187313216436
Gardnerella_piotii.fna	3C	3V	3	3	cervix	vagina	within_cervix_vagina	0.999978807642267	0.8701783850178978	True	0.3803243545186398
Gardnerella_piotii.fna	3C	41C	3	41	cervix	cervix	other	0.9731189123198398	0.7498756870144796	False	0.8589049009791085
Gardnerella_piotii.fna	3C	41V	3	41	cervix	vagina	between_cervix_vagina	0.9713854756463256	0.8051701029739617	False	0.7536600200561032
Gardnerella_piotii.fna	3C	42C	3	42	cervix	cervix	other	0.9724977094268856	0.7691466695645588	False	0.7970828335932785
Gardnerella_piotii.fna	3C	42V	3	42	cervix	vagina	between_cervix_vagina	0.9710590588689796	0.8046682407489734	False	0.87763442815041
Gardnerella_piotii.fna	3C	5V	3	5	cervix	vagina	between_cervix_vagina	0.9712234491348368	0.7868356664657901	False	0.6159227174406153
Gardnerella_piotii.fna	3C	6V	3	6	cervix	vagina	between_cervix_vagina	0.9693943810833028	0.7627304729820956	False	0.8992704391899351
Gardnerella_piotii.fna	3C	7C	3	7	cervix	cervix	other	0.9837876094411656	0.8310041525476752	False	0.6732097488227595
Gardnerella_piotii.fna	3C	7V	3	7	cervix	vagina	between_cervix_vagina	0.9836115564094248	0.8488018204031363	False	0.8401777497939568
Gardnerella_piotii.fna	3V	41C	3	41	vagina	cervix	between_cervix_vagina	0.972776683175082	0.7614725243604056	False	0.912754667899354
Gardnerella_piotii.fna	3V	41V	3	41	vagina	vagina	other	0.9710652664845534	0.8235967451402678	False	0.6505137605923628
Gardnerella_piotii.fna	3V	42C	3	42	vagina	cervix	between_cervix_vagina	0.972163946428346	0.7826383331851456	False	0.7851181952450008
Gardnerella_piotii.fna	3V	42V	3	42	vagina	vagina	other	0.9706877014484252	0.8218408859646523	False	0.8012921809576167
Gardnerella_piotii.fna	3V	5V	3	5	vagina	vagina	other	0.9709272179523364	0.8027635352966552	False	0.7405157700781704
Gardnerella_piotii.fna	3V	6V	3	6	vagina	vagina	other	0.9690879126660976	0.776091072845763	False	0.8883232421811442
Gardnerella_piotii.fna	3V	7C	3	7	vagina	cervix	between_cervix_vagina	0.9835635295665708	0.8458808768758088	False	0.7737861979176639
Gardnerella_piotii.fna	3V	7V	3	7	vagina	vagina	other	0.9834279997785343	0.8683724713421521	False	0.7520831733915718
Gardnerella_piotii.fna	41C	41V	41	41	cervix	vagina	within_cervix_vagina	0.9999958360745842	0.79085451593676	True	0.8826014716425424
Gardnerella_piotii.fna	41C	42C	41	42	cervix	cervix	other	0.9785928145038242	0.7437354487945756	False	0.978699692858605
Gardnerella_piotii.fna	41C	42V	41	42	cervix	vagina	between_cervix_vagina	0.9777176146223918	0.7677563399622616	False	0.986866283002565
Gardnerella_piotii.fna	41C	5V	41	5	cervix	vagina	between_cervix_vagina	0.9761526604257444	0.7596837345925992	False	0.8823689169258286
Gardnerella_piotii.fna	41C	6V	41	6	cervix	vagina	between_cervix_vagina	0.9754273134554824	0.7422443515801744	False	0.886459125544023
Gardnerella_piotii.fna	41C	7C	41	7	cervix	cervix	other	0.9733494971978218	0.7622207074149815	False	0.7403750725082003
Gardnerella_piotii.fna	41C	7V	41	7	cervix	vagina	between_cervix_vagina	0.973233402890092	0.7745393833417307	False	0.9621459410788878
Gardnerella_piotii.fna	41V	42C	41	42	vagina	cervix	between_cervix_vagina	0.9778359852917292	0.7907853616931594	False	0.9191381560665669
Gardnerella_piotii.fna	41V	42V	41	42	vagina	vagina	other	0.9770260259609238	0.8303896676973942	False	0.9066612459101339
Gardnerella_piotii.fna	41V	5V	41	5	vagina	vagina	other	0.9753645222876796	0.8130964965142968	False	0.7386285112429593
Gardnerella_piotii.fna	41V	6V	41	6	vagina	vagina	other	0.9744171647396888	0.7882128238312109	False	0.5866100764690416
Gardnerella_piotii.fna	41V	7C	41	7	vagina	cervix	between_cervix_vagina	0.9716500255585628	0.8220226628335457	False	0.7045148710332118
Gardnerella_piotii.fna	41V	7V	41	7	vagina	vagina	other	0.9715761345448892	0.8431726649740342	False	0.6684311965996083
Gardnerella_piotii.fna	42C	42V	42	42	cervix	vagina	within_cervix_vagina	0.9999622681498228	0.8203879882371925	True	0.2875804750689081
Gardnerella_piotii.fna	42C	5V	42	5	cervix	vagina	between_cervix_vagina	0.976822045902952	0.7764519921361746	False	0.7284641476301276
Gardnerella_piotii.fna	42C	6V	42	6	cervix	vagina	between_cervix_vagina	0.9761534079465012	0.7618894256575416	False	0.9716409891370308
Gardnerella_piotii.fna	42C	7C	42	7	cervix	cervix	other	0.9727608008873668	0.7819915763545175	False	0.8995887891134132
Gardnerella_piotii.fna	42C	7V	42	7	cervix	vagina	between_cervix_vagina	0.9727945818272324	0.7991582940636022	False	0.7559315159832809
Gardnerella_piotii.fna	42V	5V	42	5	vagina	vagina	other	0.9760342798956402	0.811086413166968	False	0.8300703177431683
Gardnerella_piotii.fna	42V	6V	42	6	vagina	vagina	other	0.9754060595456798	0.7905021586003181	False	0.9818320613880125
Gardnerella_piotii.fna	42V	7C	42	7	vagina	cervix	between_cervix_vagina	0.9713295759329008	0.8186927213512081	False	0.9313758423413537
Gardnerella_piotii.fna	42V	7V	42	7	vagina	vagina	other	0.9713555889001634	0.8405434864935176	False	0.7102873379001772
Gardnerella_piotii.fna	5V	6V	5	6	vagina	vagina	other	0.9776691031422616	0.7819263737819797	False	0.9084457475742319
Gardnerella_piotii.fna	5V	7C	5	7	vagina	cervix	between_cervix_vagina	0.9721176278068832	0.800920080745812	False	0.6550627506357465
Gardnerella_piotii.fna	5V	7V	5	7	vagina	vagina	other	0.9720606290456324	0.8196766874458703	False	0.5768845693236526
Gardnerella_piotii.fna	6V	7C	6	7	vagina	cervix	between_cervix_vagina	0.9697743821965252	0.7755009566337031	False	0.8777223583130431
Gardnerella_piotii.fna	6V	7V	6	7	vagina	vagina	other	0.9697374821745098	0.79068195963368	False	0.9554859207524049
Gardnerella_piotii.fna	7C	7V	7	7	cervix	vagina	within_cervix_vagina	0.9999910155700172	0.8796709575228291	True	0.8104106945069303
Gardnerella_swidsinskii.fna	22C	22V	22	22	cervix	vagina	within_cervix_vagina	0.9999539350945482	0.6521548254421043	True	0.21488888040226176
Gardnerella_swidsinskii.fna	22C	24C	22	24	cervix	cervix	other	0.999950059502276	0.560530450082375	True	0.4329710646685089
Gardnerella_swidsinskii.fna	22C	36C	22	36	cervix	cervix	other	0.9736749986210056	0.6436489984248721	False	0.7132704110711721
Gardnerella_swidsinskii.fna	22C	36V	22	36	cervix	vagina	between_cervix_vagina	0.9737882625681537	0.6361413668723368	False	0.5404078933414282
Gardnerella_swidsinskii.fna	22C	37C	22	37	cervix	cervix	other	0.9930290423655178	0.6223332238641088	False	0.4264495955015033
Gardnerella_swidsinskii.fna	22C	38C	22	38	cervix	cervix	other	0.973870017843264	0.6237083029789512	False	0.4536937769831627
Gardnerella_swidsinskii.fna	22C	38V	22	38	cervix	vagina	between_cervix_vagina	0.973825919413856	0.6321786264639233	False	0.571561387417031
Gardnerella_swidsinskii.fna	22C	39C	22	39	cervix	cervix	other	0.9948229028794884	0.6117955023852228	False	0.5847926643968331
Gardnerella_swidsinskii.fna	22C	39V	22	39	cervix	vagina	between_cervix_vagina	0.9937261554198076	0.6447967183812028	False	0.4255351087706065
Gardnerella_swidsinskii.fna	22C	41V	22	41	cervix	vagina	between_cervix_vagina	0.9743441370237323	0.5392174065625548	False	0.4711336566538603
Gardnerella_swidsinskii.fna	22C	42C	22	42	cervix	cervix	other	0.9736347797680622	0.652093377020885	False	0.7702675577470643
Gardnerella_swidsinskii.fna	22C	42V	22	42	cervix	vagina	between_cervix_vagina	0.9735844446834258	0.6539265882539295	False	0.8251226961616221
Gardnerella_swidsinskii.fna	22C	5V	22	5	cervix	vagina	between_cervix_vagina	0.973664981941911	0.6531523381465654	False	0.5793424491900864
Gardnerella_swidsinskii.fna	22C	7C	22	7	cervix	cervix	other	0.9744902427478834	0.615881822396311	False	0.6729492080876455
Gardnerella_swidsinskii.fna	22C	7V	22	7	cervix	vagina	between_cervix_vagina	0.9740897643222608	0.6438599713377253	False	0.7041304693427878
Gardnerella_swidsinskii.fna	22V	24C	22	24	vagina	cervix	between_cervix_vagina	0.9999632903136598	0.5579673681572915	True	0.43847273425761
Gardnerella_swidsinskii.fna	22V	36C	22	36	vagina	cervix	between_cervix_vagina	0.9747549069960308	0.631452852333299	False	0.7245182001506417
Gardnerella_swidsinskii.fna	22V	36V	22	36	vagina	vagina	other	0.9748433799289902	0.6238216411780891	False	0.5336141411104878
Gardnerella_swidsinskii.fna	22V	37C	22	37	vagina	cervix	between_cervix_vagina	0.992988708247646	0.6115469776594024	False	0.5392192794314736
Gardnerella_swidsinskii.fna	22V	38C	22	38	vagina	cervix	between_cervix_vagina	0.9748687853543604	0.6123082553222867	False	0.6100389692472674
Gardnerella_swidsinskii.fna	22V	38V	22	38	vagina	vagina	other	0.9748561504937872	0.6211786763054205	False	0.5960958383816961
Gardnerella_swidsinskii.fna	22V	39C	22	39	vagina	cervix	between_cervix_vagina	0.9949307290175302	0.603258951157381	False	0.5705654391279567
Gardnerella_swidsinskii.fna	22V	39V	22	39	vagina	vagina	other	0.9938744768432828	0.6341046930890326	False	0.3706327570217234
Gardnerella_swidsinskii.fna	22V	41V	22	41	vagina	vagina	other	0.97525356275799	0.5301189436606736	False	0.4033389002320319
Gardnerella_swidsinskii.fna	22V	42C	22	42	vagina	cervix	between_cervix_vagina	0.9746599679580572	0.6396760166129221	False	0.8190984705805749
Gardnerella_swidsinskii.fna	22V	42V	22	42	vagina	vagina	other	0.9746254437460417	0.6414156896936659	False	0.8228622378795598
Gardnerella_swidsinskii.fna	22V	5V	22	5	vagina	vagina	other	0.9747401759955528	0.6411125441489838	False	0.6087972012541482
Gardnerella_swidsinskii.fna	22V	7C	22	7	vagina	cervix	between_cervix_vagina	0.9755575385179128	0.6036959177082744	False	0.6140028124796456
Gardnerella_swidsinskii.fna	22V	7V	22	7	vagina	vagina	other	0.9752166087421827	0.6315907699009247	False	0.6419877989180369
Gardnerella_swidsinskii.fna	24C	36C	24	36	cervix	cervix	other	0.9736939270076028	0.5251627871092136	False	0.8457464268629798
Gardnerella_swidsinskii.fna	24C	36V	24	36	cervix	vagina	between_cervix_vagina	0.9738266613496108	0.5187741995831066	False	0.6978912669989955
Gardnerella_swidsinskii.fna	24C	37C	24	37	cervix	cervix	other	0.9919663675171828	0.5159605446514953	False	0.5211483683129274
Gardnerella_swidsinskii.fna	24C	38C	24	38	cervix	cervix	other	0.9741319183638432	0.509033259299365	False	0.5339689475659205
Gardnerella_swidsinskii.fna	24C	38V	24	38	cervix	vagina	between_cervix_vagina	0.9740846353235846	0.5157447924169917	False	0.5022338470932152
Gardnerella_swidsinskii.fna	24C	39C	24	39	cervix	cervix	other	0.9941937299217608	0.5119875628395452	False	0.4260444262503482
Gardnerella_swidsinskii.fna	24C	39V	24	39	cervix	vagina	between_cervix_vagina	0.9930218855543018	0.531875002987076	False	0.6107389337728372
Gardnerella_swidsinskii.fna	24C	41V	24	41	cervix	vagina	between_cervix_vagina	0.9747545344022118	0.4425351433762357	False	0.564397118120423
Gardnerella_swidsinskii.fna	24C	42C	24	42	cervix	cervix	other	0.9736179228827646	0.5323454247895221	False	0.878975375077412
Gardnerella_swidsinskii.fna	24C	42V	24	42	cervix	vagina	between_cervix_vagina	0.9735730468090764	0.5340250149695182	False	0.9187080959218195
Gardnerella_swidsinskii.fna	24C	5V	24	5	cervix	vagina	between_cervix_vagina	0.9737143807659336	0.5335976070619257	False	0.5945650247991747
Gardnerella_swidsinskii.fna	24C	7C	24	7	cervix	cervix	other	0.9746764606808724	0.5026699339019816	False	0.6049029459750874
Gardnerella_swidsinskii.fna	24C	7V	24	7	cervix	vagina	between_cervix_vagina	0.9742244715379494	0.5250590075533765	False	0.8230992254046697
Gardnerella_swidsinskii.fna	36C	36V	36	36	cervix	vagina	within_cervix_vagina	0.9999976727335916	0.8801230060840765	True	0.4787711806114968
Gardnerella_swidsinskii.fna	36C	37C	36	37	cervix	cervix	other	0.9693667371853192	0.6851615035199704	False	0.7966410277746295
Gardnerella_swidsinskii.fna	36C	38C	36	38	cervix	cervix	other	0.9898873230700628	0.8145718786079611	False	0.864923636590122
Gardnerella_swidsinskii.fna	36C	38V	36	38	cervix	vagina	between_cervix_vagina	0.9897088507195524	0.8246610266119457	False	0.805892219505118
Gardnerella_swidsinskii.fna	36C	39C	36	39	cervix	cervix	other	0.9764284709729828	0.650535318162856	False	0.8632558726811141
Gardnerella_swidsinskii.fna	36C	39V	36	39	cervix	vagina	between_cervix_vagina	0.9719448686871518	0.7309187290008555	False	0.6753500385359789
Gardnerella_swidsinskii.fna	36C	41V	36	41	cervix	vagina	between_cervix_vagina	0.9907833514551314	0.6970094418913004	False	0.7856106416790698
Gardnerella_swidsinskii.fna	36C	42C	36	42	cervix	cervix	other	0.9888070425599146	0.8599651928831804	False	0.5754779861773337
Gardnerella_swidsinskii.fna	36C	42V	36	42	cervix	vagina	between_cervix_vagina	0.988709058443309	0.8610890162312591	False	0.7064511961184522
Gardnerella_swidsinskii.fna	36C	5V	36	5	cervix	vagina	between_cervix_vagina	0.991635748226258	0.860118131175993	False	0.668812279145558
Gardnerella_swidsinskii.fna	36C	7C	36	7	cervix	cervix	other	0.9903450090578794	0.8095542736352818	False	0.9304281543815451
Gardnerella_swidsinskii.fna	36C	7V	36	7	cervix	vagina	between_cervix_vagina	0.9896375262756704	0.8500180590082361	False	0.7693654684328471
Gardnerella_swidsinskii.fna	36V	37C	36	37	vagina	cervix	between_cervix_vagina	0.969428222739972	0.67693629095964	False	0.7292320676051155
Gardnerella_swidsinskii.fna	36V	38C	36	38	vagina	cervix	between_cervix_vagina	0.9901307529390876	0.8075449102614084	False	0.7355465872979378
Gardnerella_swidsinskii.fna	36V	38V	36	38	vagina	vagina	other	0.9899419047491782	0.8174988717387104	False	0.6178187915574751
Gardnerella_swidsinskii.fna	36V	39C	36	39	vagina	cervix	between_cervix_vagina	0.9765676648206176	0.6434148116640027	False	0.7390520509868587
Gardnerella_swidsinskii.fna	36V	39V	36	39	vagina	vagina	other	0.9720388125456948	0.7218735213973644	False	0.5819861908759275
Gardnerella_swidsinskii.fna	36V	41V	36	41	vagina	vagina	other	0.9910171936297104	0.6925039070954492	False	0.6193906641869587
Gardnerella_swidsinskii.fna	36V	42C	36	42	vagina	cervix	between_cervix_vagina	0.9890303187679228	0.849273850351246	False	0.7998531972620929
Gardnerella_swidsinskii.fna	36V	42V	36	42	vagina	vagina	other	0.9889331033148512	0.8505123774189342	False	0.8768480637030708
Gardnerella_swidsinskii.fna	36V	5V	36	5	vagina	vagina	other	0.991882074938761	0.8520704362769631	False	0.3931137315983556
Gardnerella_swidsinskii.fna	36V	7C	36	7	vagina	cervix	between_cervix_vagina	0.9905835943095004	0.8027307678389888	False	0.8567748712257637
Gardnerella_swidsinskii.fna	36V	7V	36	7	vagina	vagina	other	0.9898743671479469	0.8411080379314276	False	0.7088250398353299
Gardnerella_swidsinskii.fna	37C	38C	37	38	cervix	cervix	other	0.969820170056238	0.6559557516746402	False	0.34577425688676816
Gardnerella_swidsinskii.fna	37C	38V	37	38	cervix	vagina	between_cervix_vagina	0.9698670465922852	0.6642041780829868	False	0.48890519995190773
Gardnerella_swidsinskii.fna	37C	39C	37	39	cervix	cervix	other	0.992207285136785	0.6330197870743929	False	0.45192022057754505
Gardnerella_swidsinskii.fna	37C	39V	37	39	cervix	vagina	between_cervix_vagina	0.9912500198120237	0.6892382648877576	False	0.4952331108799675
Gardnerella_swidsinskii.fna	37C	41V	37	41	cervix	vagina	between_cervix_vagina	0.969882045328156	0.5598470070863685	False	0.8234349125557187
Gardnerella_swidsinskii.fna	37C	42C	37	42	cervix	cervix	other	0.9692250947123902	0.696007149865189	False	0.7579347804856078
Gardnerella_swidsinskii.fna	37C	42V	37	42	cervix	vagina	between_cervix_vagina	0.9691054125477144	0.6975761328869902	False	0.8308576790577581
Gardnerella_swidsinskii.fna	37C	5V	37	5	cervix	vagina	between_cervix_vagina	0.9695522500567832	0.6883718421485645	False	0.5426829028768712
Gardnerella_swidsinskii.fna	37C	7C	37	7	cervix	cervix	other	0.970114677325817	0.6569368781334427	False	0.6067454743994453
Gardnerella_swidsinskii.fna	37C	7V	37	7	cervix	vagina	between_cervix_vagina	0.969897225993796	0.6889119054950592	False	0.694179114591852
Gardnerella_swidsinskii.fna	38C	38V	38	38	cervix	vagina	within_cervix_vagina	0.9999929172785352	0.867582066073439	True	0.3172712011126508
Gardnerella_swidsinskii.fna	38C	39C	38	39	cervix	cervix	other	0.976436165558278	0.6242067179510639	False	0.4810048602770296
Gardnerella_swidsinskii.fna	38C	39V	38	39	cervix	vagina	between_cervix_vagina	0.972392461389952	0.6995144891963434	False	0.6775244873892551
Gardnerella_swidsinskii.fna	38C	41V	38	41	cervix	vagina	between_cervix_vagina	0.9932696514581772	0.7006806436790399	False	0.848473846819652
Gardnerella_swidsinskii.fna	38C	42C	38	42	cervix	cervix	other	0.9921980970968528	0.8395902619273092	False	0.8095807028426055
Gardnerella_swidsinskii.fna	38C	42V	38	42	cervix	vagina	between_cervix_vagina	0.9921560213832123	0.8401351045954544	False	0.886306116761182
Gardnerella_swidsinskii.fna	38C	5V	38	5	cervix	vagina	between_cervix_vagina	0.991062526179193	0.8313083802674098	False	0.6000290835745685
Gardnerella_swidsinskii.fna	38C	7C	38	7	cervix	cervix	other	0.9969647035532684	0.8208068450810198	False	0.6540353793812858
Gardnerella_swidsinskii.fna	38C	7V	38	7	cervix	vagina	between_cervix_vagina	0.9968615417786636	0.84864844197528	False	0.8012892567824152
Gardnerella_swidsinskii.fna	38V	39C	38	39	vagina	cervix	between_cervix_vagina	0.9764381187236124	0.6318215428606152	False	0.47111515494502276
Gardnerella_swidsinskii.fna	38V	39V	38	39	vagina	vagina	other	0.9724754570017452	0.7093134641001254	False	0.5715022043369118
Gardnerella_swidsinskii.fna	38V	41V	38	41	vagina	vagina	other	0.9930380437037916	0.7074782045863736	False	0.808375647339034
Gardnerella_swidsinskii.fna	38V	42C	38	42	vagina	cervix	between_cervix_vagina	0.9921272503907432	0.8492062570879046	False	0.795730509104414
Gardnerella_swidsinskii.fna	38V	42V	38	42	vagina	vagina	other	0.9920781470751472	0.8500617556633254	False	0.8792077702972725
Gardnerella_swidsinskii.fna	38V	5V	38	5	vagina	vagina	other	0.9908829587452666	0.8412957969962647	False	0.418708258468812
Gardnerella_swidsinskii.fna	38V	7C	38	7	vagina	cervix	between_cervix_vagina	0.9969103036491348	0.8251382760167495	False	0.673056988952476
Gardnerella_swidsinskii.fna	38V	7V	38	7	vagina	vagina	other	0.996828342176206	0.8580630228663231	False	0.7187471420555634
Gardnerella_swidsinskii.fna	39C	39V	39	39	cervix	vagina	within_cervix_vagina	0.99989118194379	0.6839018108849734	True	0.671872635312406
Gardnerella_swidsinskii.fna	39C	41V	39	41	cervix	vagina	between_cervix_vagina	0.9767146356788712	0.5367874628834467	False	0.7923542893729837
Gardnerella_swidsinskii.fna	39C	42C	39	42	cervix	cervix	other	0.9756115203816016	0.6607145905179624	False	0.8784788060756651
Gardnerella_swidsinskii.fna	39C	42V	39	42	cervix	vagina	between_cervix_vagina	0.9755410762008988	0.6619380968604636	False	0.9269499487736389
Gardnerella_swidsinskii.fna	39C	5V	39	5	cervix	vagina	between_cervix_vagina	0.9760327213695826	0.6556894751826896	False	0.5346781656590736
Gardnerella_swidsinskii.fna	39C	7C	39	7	cervix	cervix	other	0.9768001350320482	0.6229340528715871	False	0.41506481291947384
Gardnerella_swidsinskii.fna	39C	7V	39	7	cervix	vagina	between_cervix_vagina	0.9763163545894984	0.6517799900726662	False	0.8054683944443475
Gardnerella_swidsinskii.fna	39V	41V	39	41	vagina	vagina	other	0.9723397699260476	0.5982618289917748	False	0.6320045814341225
Gardnerella_swidsinskii.fna	39V	42C	39	42	vagina	cervix	between_cervix_vagina	0.9718008065575758	0.7430677646361605	False	0.6865865614314017
Gardnerella_swidsinskii.fna	39V	42V	39	42	vagina	vagina	other	0.9717458335281676	0.7446667891083356	False	0.7102343910258121
Gardnerella_swidsinskii.fna	39V	5V	39	5	vagina	vagina	other	0.9718587769712196	0.7370287503507681	False	0.5133388833609775
Gardnerella_swidsinskii.fna	39V	7C	39	7	vagina	cervix	between_cervix_vagina	0.9726412361934136	0.697764574712063	False	0.686919958489681
Gardnerella_swidsinskii.fna	39V	7V	39	7	vagina	vagina	other	0.9723965206902778	0.7336026594876703	False	0.4954187313216436
Gardnerella_swidsinskii.fna	41V	42C	41	42	vagina	cervix	between_cervix_vagina	0.995914939069716	0.7210241676640656	False	0.9191381560665669
Gardnerella_swidsinskii.fna	41V	42V	41	42	vagina	vagina	other	0.995898892918478	0.7223651087671193	False	0.9066612459101339
Gardnerella_swidsinskii.fna	41V	5V	41	5	vagina	vagina	other	0.9921990218927904	0.7147953460331289	False	0.7386285112429593
Gardnerella_swidsinskii.fna	41V	7C	41	7	vagina	cervix	between_cervix_vagina	0.9943638535008712	0.7049110260998755	False	0.7045148710332118
Gardnerella_swidsinskii.fna	41V	7V	41	7	vagina	vagina	other	0.9939565737609264	0.7172826415720418	False	0.6684311965996083
Gardnerella_swidsinskii.fna	42C	42V	42	42	cervix	vagina	within_cervix_vagina	0.999997750217104	0.9104348295113552	True	0.2875804750689081
Gardnerella_swidsinskii.fna	42C	5V	42	5	cervix	vagina	between_cervix_vagina	0.9896521896656784	0.8706210318828548	False	0.7284641476301276
Gardnerella_swidsinskii.fna	42C	7C	42	7	cervix	cervix	other	0.992889004868422	0.8372483943186155	False	0.8995887891134132
Gardnerella_swidsinskii.fna	42C	7V	42	7	cervix	vagina	between_cervix_vagina	0.9925472705982245	0.878102035786195	False	0.7559315159832809
Gardnerella_swidsinskii.fna	42V	5V	42	5	vagina	vagina	other	0.9895334705915956	0.872487698367452	False	0.8300703177431683
Gardnerella_swidsinskii.fna	42V	7C	42	7	vagina	cervix	between_cervix_vagina	0.9928260272935092	0.8383688038655154	False	0.9313758423413537
Gardnerella_swidsinskii.fna	42V	7V	42	7	vagina	vagina	other	0.9924909085969548	0.8796034255446549	False	0.7102873379001772
Gardnerella_swidsinskii.fna	5V	7C	5	7	vagina	cervix	between_cervix_vagina	0.9919212654476828	0.8248494684370185	False	0.6550627506357465
Gardnerella_swidsinskii.fna	5V	7V	5	7	vagina	vagina	other	0.9912915333254316	0.8640672163796912	False	0.5768845693236526
Gardnerella_swidsinskii.fna	7C	7V	7	7	cervix	vagina	within_cervix_vagina	0.9999992028525124	0.8565042812480584	True	0.8104106945069303
L_crispatus.fna	33C	34C	33	34	cervix	cervix	other	0.999960184393497	0.7324697574615892	True	0.8078466601661335
L_crispatus.fna	33C	34V	33	34	cervix	vagina	between_cervix_vagina	0.9999214836307064	0.5414137289977909	True	0.872753422665962
L_crispatus.fna	33C	40C	33	40	cervix	cervix	other	0.9915629274819144	0.6916163180447846	False	0.8159537179950651
L_crispatus.fna	33C	40V	33	40	cervix	vagina	between_cervix_vagina	0.991641131858616	0.6889802136465485	False	0.7761235291345883
L_crispatus.fna	34C	34V	34	34	cervix	vagina	within_cervix_vagina	0.9999783146899904	0.5470621004507525	True	0.8683535150822901
L_crispatus.fna	34C	40C	34	40	cervix	cervix	other	0.991652562453456	0.7301312219453591	False	0.6052100499688977
L_crispatus.fna	34C	40V	34	40	cervix	vagina	between_cervix_vagina	0.9917370055937572	0.7261071218317193	False	0.6589534939813315
L_crispatus.fna	34V	40C	34	40	vagina	cervix	between_cervix_vagina	0.9924362244654608	0.5181682608680608	False	0.6742974466495351
L_crispatus.fna	34V	40V	34	40	vagina	vagina	other	0.9925468143657474	0.5167708734437567	False	0.6723757836609442
L_crispatus.fna	40C	40V	40	40	cervix	vagina	within_cervix_vagina	0.9999923192626492	0.7722703368805982	True	0.2268767375447899
L_iners.fna	10V	1C	10	1	vagina	cervix	between_cervix_vagina	0.9949822522996296	0.9214279214377796	False	0.6281478940617226
L_iners.fna	10V	1V	10	1	vagina	vagina	other	0.9950346050710556	0.9286994767574126	False	0.7876407478587784
L_iners.fna	10V	22C	10	22	vagina	cervix	between_cervix_vagina	0.9950462830811893	0.9298172442557064	False	0.8772021246990959
L_iners.fna	10V	22V	10	22	vagina	vagina	other	0.990622500024896	0.9137878213391976	False	0.8769868575683577
L_iners.fna	10V	23C	10	23	vagina	cervix	between_cervix_vagina	0.9939744896941064	0.7980276029422917	False	0.7692241780719442
L_iners.fna	10V	23V	10	23	vagina	vagina	other	0.9938375078008836	0.9210631682717828	False	0.7631974704245099
L_iners.fna	10V	24C	10	24	vagina	cervix	between_cervix_vagina	0.9966919215387048	0.9302297717449004	False	0.7180872501352411
L_iners.fna	10V	24V	10	24	vagina	vagina	other	0.9938635351012216	0.9207681807841056	False	0.6374727539159972
L_iners.fna	10V	25C	10	25	vagina	cervix	between_cervix_vagina	0.9905945090927742	0.91663153105331	False	0.7610941742004654
L_iners.fna	10V	25V	10	25	vagina	vagina	other	0.9906483785361492	0.9158299840752256	False	0.5077582320156712
L_iners.fna	10V	26C	10	26	vagina	cervix	between_cervix_vagina	0.9963631779595732	0.920373853037082	False	0.13971783588201203
L_iners.fna	10V	26V	10	26	vagina	vagina	other	0.9906498568872544	0.9158936831728216	False	0.48058377066809166
L_iners.fna	10V	27C	10	27	vagina	cervix	between_cervix_vagina	0.9978753420843548	0.8933586107530144	False	0.9158428455162185
L_iners.fna	10V	27V	10	27	vagina	vagina	other	0.9981358745773132	0.9250587700007584	False	0.8071099324361206
L_iners.fna	10V	28C	10	28	vagina	cervix	between_cervix_vagina	0.9909694777465388	0.914888905740502	False	0.8993247996803277
L_iners.fna	10V	28V	10	28	vagina	vagina	other	0.9908146938668452	0.9251474937438386	False	0.8122145668927068
L_iners.fna	10V	2C	10	2	vagina	cervix	between_cervix_vagina	0.9917829653242108	0.7802836126488208	False	0.6316710441200629
L_iners.fna	10V	2V	10	2	vagina	vagina	other	0.991860153474048	0.9223947827405778	False	0.6786757048347217
L_iners.fna	10V	32C	10	32	vagina	cervix	between_cervix_vagina	0.9936395525021274	0.9133806021081368	False	0.725763306936218
L_iners.fna	10V	32V	10	32	vagina	vagina	other	0.9936410518618246	0.913595965723819	False	0.7932315950427313
L_iners.fna	10V	33C	10	33	vagina	cervix	between_cervix_vagina	0.9936740253687036	0.9127238947448244	False	0.5027826529211639
L_iners.fna	10V	33V	10	33	vagina	vagina	other	0.9936338782616204	0.913400318495488	False	0.7595627507689977
L_iners.fna	10V	36C	10	36	vagina	cervix	between_cervix_vagina	0.9949914861038696	0.9191901114734208	False	0.9517047234255297
L_iners.fna	10V	36V	10	36	vagina	vagina	other	0.9949599238784964	0.9180981269432016	False	0.8688022321352977
L_iners.fna	10V	39V	10	39	vagina	vagina	other	0.9902959329268042	0.9221088951239858	False	0.9093763344588957
L_iners.fna	10V	3V	10	3	vagina	vagina	other	0.994438700458118	0.9021384697050124	False	0.9300503610754259
L_iners.fna	10V	41C	10	41	vagina	cervix	between_cervix_vagina	0.9912338047916024	0.6577000075832259	False	0.8110203541881553
L_iners.fna	10V	41V	10	41	vagina	vagina	other	0.9906055386578076	0.9082634412679154	False	0.8512693814575977
L_iners.fna	10V	6V	10	6	vagina	vagina	other	0.991176885870868	0.9237612800485326	False	0.8498275861884549
L_iners.fna	10V	8C	10	8	vagina	cervix	between_cervix_vagina	0.9917162987396736	0.9046371426404792	False	0.05772824441362872
L_iners.fna	10V	8V	10	8	vagina	vagina	other	0.991518578015494	0.9096557215439448	False	0.718916088623669
L_iners.fna	1C	1V	1	1	cervix	vagina	within_cervix_vagina	1.0	0.9461970122089935	True	0.438576884193625
L_iners.fna	1C	22C	1	22	cervix	cervix	other	0.9975750244567756	0.9340752256009708	False	0.7676311107616074
L_iners.fna	1C	22V	1	22	cervix	vagina	between_cervix_vagina	0.994814710790226	0.9179798286190946	False	0.7531029791090261
L_iners.fna	1C	23C	1	23	cervix	cervix	other	0.9946799205981002	0.7976522332600288	False	0.9117505490957988
L_iners.fna	1C	23V	1	23	cervix	vagina	between_cervix_vagina	0.9943438774122002	0.9197277621900356	False	0.8410313050038162
L_iners.fna	1C	24C	1	24	cervix	cervix	other	0.997893979406538	0.9358315007204064	False	0.6654011430772784
L_iners.fna	1C	24V	1	24	cervix	vagina	between_cervix_vagina	0.9943946243853646	0.9188549328884508	False	0.7851354795679362
L_iners.fna	1C	25C	1	25	cervix	cervix	other	0.9939113514585408	0.917786456358535	False	0.8399744934199244
L_iners.fna	1C	25V	1	25	cervix	vagina	between_cervix_vagina	0.9939707063513136	0.9167596875710928	False	0.7397098052525569
L_iners.fna	1C	26C	1	26	cervix	cervix	other	0.9972442062894324	0.921282323500417	False	0.6621486062679351
L_iners.fna	1C	26V	1	26	cervix	vagina	between_cervix_vagina	0.9939772986670988	0.916881777508152	False	0.7314069211909345
L_iners.fna	1C	27C	1	27	cervix	cervix	other	0.9971041864462338	0.8929718662318951	False	0.43246861483724325
L_iners.fna	1C	27V	1	27	cervix	vagina	between_cervix_vagina	0.9975550301826464	0.9292280276029424	False	0.4214250562977606
L_iners.fna	1C	28C	1	28	cervix	cervix	other	0.9952197966691136	0.924543110639266	False	0.8720155995958514
L_iners.fna	1C	28V	1	28	cervix	vagina	between_cervix_vagina	0.9951065108535914	0.9324281489345568	False	0.7458625832691773
L_iners.fna	1C	2C	1	2	cervix	cervix	other	1.0	0.7920656707363313	True	0.8882245243636393
L_iners.fna	1C	2V	1	2	cervix	vagina	between_cervix_vagina	0.9999854184893556	0.9361037385303708	True	0.708148084023917
L_iners.fna	1C	32C	1	32	cervix	cervix	other	0.994675823882232	0.9082763327519526	False	0.8228968965451307
L_iners.fna	1C	32V	1	32	cervix	vagina	between_cervix_vagina	0.9946556547845032	0.9088215666944718	False	0.856650596934871
L_iners.fna	1C	33C	1	33	cervix	cervix	other	0.9947418825932246	0.907428528095852	False	0.6608909184643711
L_iners.fna	1C	33V	1	33	cervix	vagina	between_cervix_vagina	0.9946593232361164	0.9087358762417532	False	0.7745977736334305
L_iners.fna	1C	36C	1	36	cervix	cervix	other	0.9947109439597956	0.918035186168196	False	0.9236929280669134
L_iners.fna	1C	36V	1	36	cervix	vagina	between_cervix_vagina	0.9947466362833756	0.9164775915674528	False	0.8466680718431936
L_iners.fna	1C	39V	1	39	cervix	vagina	between_cervix_vagina	0.9937720088444844	0.925987715174035	False	0.8082870483696412
L_iners.fna	1C	3V	1	3	cervix	vagina	between_cervix_vagina	0.9939349419873162	0.9012262076287252	False	0.6491404165127874
L_iners.fna	1C	41C	1	41	cervix	cervix	other	0.995297748146382	0.6615211951164025	False	0.870238170186828
L_iners.fna	1C	41V	1	41	cervix	vagina	between_cervix_vagina	0.9947112282323164	0.9107719723970578	False	0.7873285119877401
L_iners.fna	1C	6V	1	6	cervix	vagina	between_cervix_vagina	0.9950814422784656	0.9330719648138318	False	0.8653458522323593
L_iners.fna	1C	8C	1	8	cervix	cervix	other	0.9946585221688076	0.905760218396906	False	0.6181789139036095
L_iners.fna	1C	8V	1	8	cervix	vagina	between_cervix_vagina	0.994469186897996	0.91026465458406	False	0.8035087342395951
L_iners.fna	1V	22C	1	22	vagina	cervix	between_cervix_vagina	0.9975357639212088	0.9450428452263592	False	0.568900538395405
L_iners.fna	1V	22V	1	22	vagina	vagina	other	0.9948383092195802	0.928493971335406	False	0.5213272634745296
L_iners.fna	1V	23C	1	23	vagina	cervix	between_cervix_vagina	0.9946921785656092	0.8004944263289603	False	0.9561125085809901
L_iners.fna	1V	23V	1	23	vagina	vagina	other	0.9943825170823328	0.9302388716159854	False	0.45771315626452747
L_iners.fna	1V	24C	1	24	vagina	cervix	between_cervix_vagina	0.9978565198989342	0.946010464851748	False	0.7035564544853808
L_iners.fna	1V	24V	1	24	vagina	vagina	other	0.9944377754692516	0.9292553272161976	False	0.4047225971414988
L_iners.fna	1V	25C	1	25	vagina	cervix	between_cervix_vagina	0.9939420228056376	0.9283165238492456	False	0.25939771443975196
L_iners.fna	1V	25V	1	25	vagina	vagina	other	0.9940152922535008	0.9270106923485252	False	0.46641727896238805
L_iners.fna	1V	26C	1	26	vagina	cervix	between_cervix_vagina	0.9971850435955047	0.9291279290210056	False	0.8305594835550801
L_iners.fna	1V	26V	1	26	vagina	vagina	other	0.9940108934493688	0.926962918025328	False	0.49407963873744537
L_iners.fna	1V	27C	1	27	vagina	cervix	between_cervix_vagina	0.9971004146373236	0.8965177826647456	False	0.6367846403539571
L_iners.fna	1V	27V	1	27	vagina	vagina	other	0.9975166319350944	0.9377621900356412	False	0.5620872470629076
L_iners.fna	1V	28C	1	28	vagina	cervix	between_cervix_vagina	0.9952349095975676	0.9317721998938348	False	0.902913778446547
L_iners.fna	1V	28V	1	28	vagina	vagina	other	0.9951096431823973	0.9434147266247062	False	0.2707608454979186
L_iners.fna	1V	2C	1	2	vagina	cervix	between_cervix_vagina	1.0	0.7927565026162129	True	0.9477686128092648
L_iners.fna	1V	2V	1	2	vagina	vagina	other	0.9999879710438968	0.9456214453628572	True	0.2341081985212519
L_iners.fna	1V	32C	1	32	vagina	cervix	between_cervix_vagina	0.9947274135640553	0.9173071964813831	False	0.2018710082298402
L_iners.fna	1V	32V	1	32	vagina	vagina	other	0.994714475958218	0.917931295973307	False	0.31196986282601347
L_iners.fna	1V	33C	1	33	vagina	cervix	between_cervix_vagina	0.994805087306153	0.9161333131113976	False	0.5392843312554246
L_iners.fna	1V	33V	1	33	vagina	vagina	other	0.9947147169973446	0.9178296807461894	False	0.21817858036223534
L_iners.fna	1V	36C	1	36	vagina	cervix	between_cervix_vagina	0.9946878130789536	0.9287411844998864	False	0.7310143506362335
L_iners.fna	1V	36V	1	36	vagina	vagina	other	0.9947392703529132	0.9270144839614772	False	0.44696094811321435
L_iners.fna	1V	39V	1	39	vagina	vagina	other	0.993793466200812	0.935664669750512	False	0.7551745052410724
L_iners.fna	1V	3V	1	3	vagina	vagina	other	0.9939206576454376	0.9073413209979524	False	0.7427371183327461
L_iners.fna	1V	41C	1	41	vagina	cervix	between_cervix_vagina	0.9952762022265252	0.6638014711458254	False	0.9363078748206937
L_iners.fna	1V	41V	1	41	vagina	vagina	other	0.9947648204498944	0.9208197467202548	False	0.5246728953614915
L_iners.fna	1V	6V	1	6	vagina	vagina	other	0.9951280053338902	0.9440130431485554	False	0.41820601913732375
L_iners.fna	1V	8C	1	8	vagina	cervix	between_cervix_vagina	0.9947667949901492	0.9126177295821642	False	0.7646819153842815
L_iners.fna	1V	8V	1	8	vagina	vagina	other	0.994565553373058	0.9199871085159628	False	0.18137911325529218
L_iners.fna	22C	22V	22	22	cervix	vagina	within_cervix_vagina	0.9999126323862036	0.9374050200955486	True	0.21488888040226176
L_iners.fna	22C	23C	22	23	cervix	cervix	other	0.9951620047017138	0.8012709486615607	False	0.9749197592279664
L_iners.fna	22C	23V	22	23	cervix	vagina	between_cervix_vagina	0.9948499161472192	0.9310282854326232	False	0.6606327686233424
L_iners.fna	22C	24C	22	24	cervix	cervix	other	0.9998296083380444	0.9524000909987108	True	0.4329710646685089
L_iners.fna	22C	24V	22	24	cervix	vagina	between_cervix_vagina	0.9948657902413348	0.9306574656859028	False	0.6111943299775425
L_iners.fna	22C	25C	22	25	cervix	cervix	other	0.9998442189405428	0.9346318343823462	True	0.6595190960527493
L_iners.fna	22C	25V	22	25	cervix	vagina	between_cervix_vagina	0.9999138971607182	0.9335603245620688	True	0.666152703323159
L_iners.fna	22C	26C	22	26	cervix	cervix	other	0.9998140412649742	0.9338409039205278	True	0.9028214465973509
L_iners.fna	22C	26V	22	26	cervix	vagina	between_cervix_vagina	0.9999203849469056	0.9334367179798286	True	0.6856797540924847
L_iners.fna	22C	27C	22	27	cervix	cervix	other	0.9970740991971492	0.8988215666944718	False	0.6768143741487332
L_iners.fna	22C	27V	22	27	cervix	vagina	between_cervix_vagina	0.9974964396685656	0.9371653901569728	False	0.635001222844419
L_iners.fna	22C	28C	22	28	cervix	cervix	other	0.9952924361174535	0.9305937665883066	False	0.7421002112357991
L_iners.fna	22C	28V	22	28	cervix	vagina	between_cervix_vagina	0.995125666902876	0.9427822855842876	False	0.46942320766087153
L_iners.fna	22C	2C	22	2	cervix	cervix	other	0.9953066856514392	0.7839622355349966	False	0.9708963898167491
L_iners.fna	22C	2V	22	2	cervix	vagina	between_cervix_vagina	0.995141870063297	0.933751421854857	False	0.5825424073304455
L_iners.fna	22C	32C	22	32	cervix	cervix	other	0.9948605871327324	0.9187965420489876	False	0.6380050293814833
L_iners.fna	22C	32V	22	32	cervix	vagina	between_cervix_vagina	0.9948212169274204	0.9194259497990444	False	0.6724154213518213
L_iners.fna	22C	33C	22	33	cervix	cervix	other	0.994901643868669	0.9177174490028058	False	0.7087114617055238
L_iners.fna	22C	33V	22	33	cervix	vagina	between_cervix_vagina	0.9948242513722952	0.9193789337984378	False	0.6221455920309299
L_iners.fna	22C	36C	22	36	cervix	cervix	other	0.9950813993765154	0.9304428603928112	False	0.7132704110711721
L_iners.fna	22C	36V	22	36	cervix	vagina	between_cervix_vagina	0.995109068027972	0.9285743535299916	False	0.5404078933414282
L_iners.fna	22C	39V	22	39	cervix	vagina	between_cervix_vagina	0.9959382255329516	0.940021233032532	False	0.4255351087706065
L_iners.fna	22C	3V	22	3	cervix	vagina	between_cervix_vagina	0.994457797304421	0.9077098657769016	False	0.6371012762171454
L_iners.fna	22C	41C	22	41	cervix	cervix	other	0.9975003823616022	0.6643922044437703	False	0.9033563309055843
L_iners.fna	22C	41V	22	41	cervix	vagina	between_cervix_vagina	0.997258803473881	0.9225919466140896	False	0.4711336566538603
L_iners.fna	22C	6V	22	6	cervix	vagina	between_cervix_vagina	0.994995640141032	0.9401069234852506	False	0.648645518302028
L_iners.fna	22C	8C	22	8	cervix	cervix	other	0.99476242398373	0.9131591719117312	False	0.8631849977060319
L_iners.fna	22C	8V	22	8	cervix	vagina	between_cervix_vagina	0.994582893512739	0.9202722378099644	False	0.6281817586169455
L_iners.fna	22V	23C	22	23	vagina	cervix	between_cervix_vagina	0.9898428039191828	0.7852597254872222	False	0.9748750840998335
L_iners.fna	22V	23V	22	23	vagina	vagina	other	0.9895430925048176	0.9133745355274132	False	0.6230497324148226
L_iners.fna	22V	24C	22	24	vagina	cervix	between_cervix_vagina	0.99993759730161	0.9357101691059376	True	0.43847273425761
L_iners.fna	22V	24V	22	24	vagina	vagina	other	0.9895532082066036	0.9130249488132252	False	0.6106339586408631
L_iners.fna	22V	25C	22	25	vagina	cervix	between_cervix_vagina	0.9899511166713002	0.9165026162129368	False	0.6218111688403579
L_iners.fna	22V	25V	22	25	vagina	vagina	other	0.990009187239926	0.9153780238113294	False	0.6656333619608648
L_iners.fna	22V	26C	22	26	vagina	cervix	between_cervix_vagina	0.994093594949622	0.9158049594297414	False	0.902649176955233
L_iners.fna	22V	26V	22	26	vagina	vagina	other	0.9900126260952558	0.9153135663911428	False	0.6851850498997438
L_iners.fna	22V	27C	22	27	vagina	cervix	between_cervix_vagina	0.9934422180106898	0.8902896792295443	False	0.6994231859259905
L_iners.fna	22V	27V	22	27	vagina	vagina	other	0.9941917391979914	0.9224016076438916	False	0.6539637530634084
L_iners.fna	22V	28C	22	28	vagina	cervix	between_cervix_vagina	0.9907439783244536	0.9152119511640252	False	0.7143590854856979
L_iners.fna	22V	28V	22	28	vagina	vagina	other	0.9905581673815108	0.9271585652536588	False	0.4073789684273233
L_iners.fna	22V	2C	22	2	vagina	cervix	between_cervix_vagina	0.991308029145458	0.7720224463486767	False	0.9708428194657294
L_iners.fna	22V	2V	22	2	vagina	vagina	other	0.991239382570904	0.9184924546902252	False	0.5407743355386051
L_iners.fna	22V	32C	22	32	vagina	cervix	between_cervix_vagina	0.990359336099585	0.9137787214681126	False	0.598381574789356
L_iners.fna	22V	32V	22	32	vagina	vagina	other	0.9903466145140006	0.9143027223780996	False	0.6367730730580176
L_iners.fna	22V	33C	22	33	vagina	cervix	between_cervix_vagina	0.9904017760702452	0.9126837036475316	False	0.7082573180148545
L_iners.fna	22V	33V	22	33	vagina	vagina	other	0.9903450209541	0.914151816182604	False	0.5843014258790025
L_iners.fna	22V	36C	22	36	vagina	cervix	between_cervix_vagina	0.9902170356455344	0.9131220141048002	False	0.7245182001506417
L_iners.fna	22V	36V	22	36	vagina	vagina	other	0.9902195708425896	0.9114203382118752	False	0.5336141411104878
L_iners.fna	22V	39V	22	39	vagina	vagina	other	0.9927684994493052	0.9260521725942216	False	0.3706327570217234
L_iners.fna	22V	3V	22	3	vagina	vagina	other	0.98926471551326	0.8915970273754455	False	0.608689801095172
L_iners.fna	22V	41C	22	41	vagina	cervix	between_cervix_vagina	0.990953670715451	0.6604694016834761	False	0.9031845479974937
L_iners.fna	22V	41V	22	41	vagina	vagina	other	0.9905401246314172	0.9165723818912566	False	0.4033389002320319
L_iners.fna	22V	6V	22	6	vagina	vagina	other	0.99032044725416	0.9230340486843104	False	0.617690212160422
L_iners.fna	22V	8C	22	8	vagina	cervix	between_cervix_vagina	0.9898173393562616	0.8994722074770607	False	0.862946952275945
L_iners.fna	22V	8V	22	8	vagina	vagina	other	0.9896140509384164	0.9064722833093198	False	0.5882158573666021
L_iners.fna	23C	23V	23	23	cervix	vagina	within_cervix_vagina	1.0	0.8156024872980966	True	0.9031383527640402
L_iners.fna	23C	24C	23	24	cervix	cervix	other	0.9997999663199106	0.8150595283233487	True	0.9316935704961987
L_iners.fna	23C	24V	23	24	cervix	vagina	between_cervix_vagina	0.9999990702301644	0.8156024872980966	True	0.7904526363749482
L_iners.fna	23C	25C	23	25	cervix	cervix	other	0.9910615113058536	0.7926404792598771	False	0.9504517628975067
L_iners.fna	23C	25V	23	25	cervix	vagina	between_cervix_vagina	0.9911141823736542	0.7923037840297262	False	0.8943480884537919
L_iners.fna	23C	26C	23	26	cervix	cervix	other	0.999950651539346	0.8144346705088344	True	0.6953975242228059
L_iners.fna	23C	26V	23	26	cervix	vagina	between_cervix_vagina	0.991105100138214	0.7922620762872526	False	0.8880966258161962
L_iners.fna	23C	27C	23	27	cervix	cervix	other	0.9956650217622312	0.7814173049215136	False	0.952783178975615
L_iners.fna	23C	27V	23	27	cervix	vagina	between_cervix_vagina	0.996090422440194	0.7958398422689011	False	0.9602388102062239
L_iners.fna	23C	28C	23	28	cervix	cervix	other	0.990185576285272	0.7956866611056344	False	0.9606711454226896
L_iners.fna	23C	28V	23	28	cervix	vagina	between_cervix_vagina	0.989964512464332	0.7983347235914158	False	0.9536802464653434
L_iners.fna	23C	2C	23	2	cervix	cervix	other	0.991313867164676	0.6878577386820354	False	0.5845841452076908
L_iners.fna	23C	2V	23	2	cervix	vagina	between_cervix_vagina	0.9913376574993076	0.7938348373398043	False	0.9326192570476199
L_iners.fna	23C	32C	23	32	cervix	cervix	other	0.9934457959793928	0.7851414271631152	False	0.9428555245304933
L_iners.fna	23C	32V	23	32	cervix	vagina	between_cervix_vagina	0.9934327291688796	0.7853112914233715	False	0.957299613095257
L_iners.fna	23C	33C	23	33	cervix	cervix	other	0.9934664709764254	0.7848403730947144	False	0.8932069631704986
L_iners.fna	23C	33V	23	33	cervix	vagina	between_cervix_vagina	0.9934421068692264	0.7852779252293925	False	0.9501239840750977
L_iners.fna	23C	36C	23	36	cervix	cervix	other	0.994842113774358	0.806562523697581	False	0.9902315694546207
L_iners.fna	23C	36V	23	36	cervix	vagina	between_cervix_vagina	0.9947900405135478	0.8063608098885265	False	0.9731746283045003
L_iners.fna	23C	39V	23	39	cervix	vagina	between_cervix_vagina	0.989652887701658	0.7942989307651475	False	0.9815687534292064
L_iners.fna	23C	3V	23	3	cervix	vagina	between_cervix_vagina	0.997517572452136	0.803096989459316	False	0.9763615622056786
L_iners.fna	23C	41C	23	41	cervix	cervix	other	0.9909062292329754	0.5853924319405475	False	0.7789039948466341
L_iners.fna	23C	41V	23	41	cervix	vagina	between_cervix_vagina	0.9901248286703268	0.7834200348828392	False	0.969519643018101
L_iners.fna	23C	6V	23	6	cervix	vagina	between_cervix_vagina	0.990129203649562	0.7949836960643057	False	0.9692183289392935
L_iners.fna	23C	8C	23	8	cervix	cervix	other	0.9916889948125162	0.783687722757261	False	0.7843899857211886
L_iners.fna	23C	8V	23	8	cervix	vagina	between_cervix_vagina	0.9915304547433412	0.785582012588155	False	0.9413750410791109
L_iners.fna	23V	24C	23	24	vagina	cervix	between_cervix_vagina	0.9994551718097217	0.9436786228861758	True	0.7794846890644532
L_iners.fna	23V	24V	23	24	vagina	vagina	other	0.9999975944865632	0.9457306438158792	True	0.2706677138229581
L_iners.fna	23V	25C	23	25	vagina	cervix	between_cervix_vagina	0.9907231572723364	0.9208417380753772	False	0.4194131434725637
L_iners.fna	23V	25V	23	25	vagina	vagina	other	0.9907789647607056	0.9197535451581104	False	0.41705713537159056
L_iners.fna	23V	26C	23	26	vagina	cervix	between_cervix_vagina	0.999693129087395	0.936564040342762	True	0.8017264613271751
L_iners.fna	23V	26V	23	26	vagina	vagina	other	0.9907761889759624	0.9194767574126034	False	0.44631224807929765
L_iners.fna	23V	27C	23	27	vagina	cervix	between_cervix_vagina	0.9953895201923126	0.887687874421779	False	0.9514891737249963
L_iners.fna	23V	27V	23	27	vagina	vagina	other	0.9958679284575438	0.9212762569196936	False	0.8425928073191739
L_iners.fna	23V	28C	23	28	vagina	cervix	between_cervix_vagina	0.9896866951152566	0.9144748616061272	False	0.9376654091677099
L_iners.fna	23V	28V	23	28	vagina	vagina	other	0.989527476259252	0.9267119132478956	False	0.4921636036349467
L_iners.fna	23V	2C	23	2	vagina	cervix	between_cervix_vagina	0.9909722303809266	0.774553727155532	False	0.9411498332813761
L_iners.fna	23V	2V	23	2	vagina	vagina	other	0.99107802349473	0.92193978918632	False	0.32101849230220075
L_iners.fna	23V	32C	23	32	vagina	cervix	between_cervix_vagina	0.9933427466224902	0.9113877303404868	False	0.3738357407520278
L_iners.fna	23V	32V	23	32	vagina	vagina	other	0.993345210647663	0.9117251838932282	False	0.46628070012011436
L_iners.fna	23V	33C	23	33	vagina	cervix	between_cervix_vagina	0.9933709297191932	0.9103435201334648	False	0.5409842061448185
L_iners.fna	23V	33V	23	33	vagina	vagina	other	0.993333743700995	0.9116357018275576	False	0.4173163341260172
L_iners.fna	23V	36C	23	36	vagina	cervix	between_cervix_vagina	0.9945773959019668	0.9357010692348524	False	0.8202431675509892
L_iners.fna	23V	36V	23	36	vagina	vagina	other	0.9945241102186057	0.934904830514901	False	0.6033769137088283
L_iners.fna	23V	39V	23	39	vagina	vagina	other	0.9893026481746132	0.9216963676347918	False	0.8462989736878643
L_iners.fna	23V	3V	23	3	vagina	vagina	other	0.9973745691748976	0.9179252293925836	False	0.9490666714114782
L_iners.fna	23V	41C	23	41	vagina	cervix	between_cervix_vagina	0.9903422133013904	0.6577561234549177	False	0.9591749776821188
L_iners.fna	23V	41V	23	41	vagina	vagina	other	0.9897163893692196	0.9112899067263214	False	0.5851148944167851
L_iners.fna	23V	6V	23	6	vagina	vagina	other	0.98972838338612	0.9237233639190112	False	0.5647230573260117
L_iners.fna	23V	8C	23	8	vagina	cervix	between_cervix_vagina	0.9914285260193212	0.906557215439448	False	0.749043645243745
L_iners.fna	23V	8V	23	8	vagina	vagina	other	0.9912621407589084	0.9133343444301206	False	0.3656327206544517
L_iners.fna	24C	24V	24	24	cervix	vagina	within_cervix_vagina	0.9994654263486128	0.9433396526882536	True	0.7186155597467219
L_iners.fna	24C	25C	24	25	cervix	cervix	other	0.9950809879043088	0.9317524835064837	False	0.7830910712256808
L_iners.fna	24C	25V	24	25	cervix	vagina	between_cervix_vagina	0.9951593755830788	0.9307052400090998	False	0.6810382388425119
L_iners.fna	24C	26C	24	26	cervix	cervix	other	0.9995456756252168	0.9463919011147344	True	0.7642176058118884
L_iners.fna	24C	26V	24	26	cervix	vagina	between_cervix_vagina	0.9951553293007248	0.9307105482672328	False	0.6734583725389494
L_iners.fna	24C	27C	24	27	cervix	cervix	other	0.9979815153745888	0.8982725411390006	False	0.6940854449465845
L_iners.fna	24C	27V	24	27	cervix	vagina	between_cervix_vagina	0.998177901052246	0.9355744293622508	False	0.6256318029030267
L_iners.fna	24C	28C	24	28	cervix	cervix	other	0.9951476279419084	0.93095245317358	False	0.6581402588604666
L_iners.fna	24C	28V	24	28	cervix	vagina	between_cervix_vagina	0.9949545190414794	0.9422143019640556	False	0.5610901279581041
L_iners.fna	24C	2C	24	2	cervix	cervix	other	0.9959174812084488	0.7859027830439069	False	0.928565636024526
L_iners.fna	24C	2V	24	2	cervix	vagina	between_cervix_vagina	0.9957878975663408	0.9349177219989384	False	0.6670398962843127
L_iners.fna	24C	32C	24	32	cervix	cervix	other	0.9966193345991908	0.9185561537878212	False	0.7563706697295765
L_iners.fna	24C	32V	24	32	cervix	vagina	between_cervix_vagina	0.9965890075942848	0.9190596799878668	False	0.7931271918757501
L_iners.fna	24C	33C	24	33	cervix	cervix	other	0.9966575169913684	0.9174785773868204	False	0.6216781177051601
L_iners.fna	24C	33V	24	33	cervix	vagina	between_cervix_vagina	0.9965945922752448	0.9190081140517176	False	0.7205942567106767
L_iners.fna	24C	36C	24	36	cervix	cervix	other	0.9968274106554128	0.9396003639948434	False	0.8457464268629798
L_iners.fna	24C	36V	24	36	cervix	vagina	between_cervix_vagina	0.996838080793463	0.9379745203609616	False	0.6978912669989955
L_iners.fna	24C	39V	24	39	cervix	vagina	between_cervix_vagina	0.9958025928103672	0.940178205808751	False	0.6107389337728372
L_iners.fna	24C	3V	24	3	cervix	vagina	between_cervix_vagina	0.9979932911756774	0.9194153332827784	False	0.6925555443508685
L_iners.fna	24C	41C	24	41	cervix	cervix	other	0.9955694413415462	0.6652885417456587	False	0.7740516122997625
L_iners.fna	24C	41V	24	41	cervix	vagina	between_cervix_vagina	0.9949842291006804	0.9222446348676728	False	0.564397118120423
L_iners.fna	24C	6V	24	6	cervix	vagina	between_cervix_vagina	0.9948493563915942	0.9391719117312504	False	0.7654556633745055
L_iners.fna	24C	8C	24	8	cervix	cervix	other	0.9953612170463004	0.9116971259573824	False	0.6889173269198017
L_iners.fna	24C	8V	24	8	cervix	vagina	between_cervix_vagina	0.9951598264771778	0.9182581330097824	False	0.7408738601816011
L_iners.fna	24V	25C	24	25	vagina	cervix	between_cervix_vagina	0.9907482856439	0.9203920527792524	False	0.3523216392314326
L_iners.fna	24V	25V	24	25	vagina	vagina	other	0.9908042658836532	0.9193978918631986	False	0.1917951751718279
L_iners.fna	24V	26C	24	26	vagina	cervix	between_cervix_vagina	0.999721378753996	0.9362637445969516	True	0.6928948670636934
L_iners.fna	24V	26V	24	26	vagina	vagina	other	0.9908056977612402	0.919128687343596	False	0.22618183868593805
L_iners.fna	24V	27C	24	27	vagina	cervix	between_cervix_vagina	0.9954161446734472	0.8873845453856071	False	0.939926779772339
L_iners.fna	24V	27V	24	27	vagina	vagina	other	0.9959075554090796	0.9203761280048532	False	0.809388914254479
L_iners.fna	24V	28C	24	28	vagina	cervix	between_cervix_vagina	0.989729663762923	0.9134276181087436	False	0.9246207980697636
L_iners.fna	24V	28V	24	28	vagina	vagina	other	0.9895853644548948	0.9256009706529158	False	0.4509053326500322
L_iners.fna	24V	2C	24	2	vagina	cervix	between_cervix_vagina	0.9910066778699408	0.7738947448244483	False	0.9048037037810428
L_iners.fna	24V	2V	24	2	vagina	vagina	other	0.9911326041686396	0.9209441116250852	False	0.2095516125948255
L_iners.fna	24V	32C	24	32	vagina	cervix	between_cervix_vagina	0.9933676094257036	0.9109168120118298	False	0.28770061358825494
L_iners.fna	24V	32V	24	32	vagina	vagina	other	0.9933723303948224	0.9112224160157733	False	0.41621587300041607
L_iners.fna	24V	33C	24	33	vagina	cervix	between_cervix_vagina	0.9933954095387788	0.9099287176764996	False	0.36265383473844043
L_iners.fna	24V	33V	24	33	vagina	vagina	other	0.9933559656071556	0.91114658375673	False	0.3494036228937646
L_iners.fna	24V	36C	24	36	vagina	cervix	between_cervix_vagina	0.994594822511356	0.9352104345188444	False	0.8286217030107428
L_iners.fna	24V	36V	24	36	vagina	vagina	other	0.9945406139212722	0.934536285735952	False	0.5895839053575077
L_iners.fna	24V	39V	24	39	vagina	vagina	other	0.9893118208758644	0.9212102828543264	False	0.8287036988973197
L_iners.fna	24V	3V	24	3	vagina	vagina	other	0.9973824044366922	0.9177758398422688	False	0.9418878940548164
L_iners.fna	24V	41C	24	41	vagina	cervix	between_cervix_vagina	0.9903468937316504	0.6576037006142413	False	0.9365834272699022
L_iners.fna	24V	41V	24	41	vagina	vagina	other	0.9897427999383952	0.9109008872374308	False	0.5461075709551754
L_iners.fna	24V	6V	24	6	vagina	vagina	other	0.9897793903135542	0.9227686357776598	False	0.5426267099422936
L_iners.fna	24V	8C	24	8	vagina	cervix	between_cervix_vagina	0.9914450315665282	0.9062675362099036	False	0.618699266289706
L_iners.fna	24V	8V	24	8	vagina	vagina	other	0.9912781425267804	0.9129233335861076	False	0.2757984883669817
L_iners.fna	25C	25V	25	25	cervix	vagina	within_cervix_vagina	0.99999675141415	0.9337263972093728	True	0.4129031028323623
L_iners.fna	25C	26C	25	26	cervix	cervix	other	0.9998720711677934	0.924719799802836	True	0.8089110360406225
L_iners.fna	25C	26V	25	26	cervix	vagina	between_cervix_vagina	0.9999967508969556	0.9335777659816484	True	0.44228463800141216
L_iners.fna	25C	27C	25	27	cervix	cervix	other	0.993310693041322	0.8853681656176537	False	0.9512509821430443
L_iners.fna	25C	27V	25	27	cervix	vagina	between_cervix_vagina	0.9940804586821448	0.9213308561462046	False	0.8418936355364401
L_iners.fna	25C	28C	25	28	cervix	cervix	other	0.990255983772146	0.9136589064988246	False	0.9373903573530183
L_iners.fna	25C	28V	25	28	cervix	vagina	between_cervix_vagina	0.9900778039680596	0.9262174869189354	False	0.24120156033918225
L_iners.fna	25C	2C	25	2	cervix	cervix	other	0.9901507896637256	0.7728581178433306	False	0.9405738506376314
L_iners.fna	25C	2V	25	2	cervix	vagina	between_cervix_vagina	0.9901754837411348	0.9194486994767574	False	0.23778192165461234
L_iners.fna	25C	32C	25	32	cervix	cervix	other	0.989919140400906	0.9054712974899524	False	0.08603203150108307
L_iners.fna	25C	32V	25	32	cervix	vagina	between_cervix_vagina	0.9898942389211148	0.906091605368924	False	0.08109856878791888
L_iners.fna	25C	33C	25	33	cervix	cervix	other	0.9899778777017632	0.9042708728293016	False	0.5377004789531942
L_iners.fna	25C	33V	25	33	cervix	vagina	between_cervix_vagina	0.9898950576199388	0.9057897929779328	False	0.06965226057350708
L_iners.fna	25C	36C	25	36	cervix	cervix	other	0.9910541166762148	0.9226124213240312	False	0.6914620180949272
L_iners.fna	25C	36V	25	36	cervix	vagina	between_cervix_vagina	0.9910297772876168	0.9213771138242208	False	0.3791636088502735
L_iners.fna	25C	39V	25	39	cervix	vagina	between_cervix_vagina	0.989769133498712	0.9253272161977706	False	0.845897134328954
L_iners.fna	25C	3V	25	3	cervix	vagina	between_cervix_vagina	0.9904441900574392	0.8995935390915295	False	0.9489064414567027
L_iners.fna	25C	41C	25	41	cervix	cervix	other	0.9946487026635884	0.6602183969060438	False	0.9588024068927078
L_iners.fna	25C	41V	25	41	cervix	vagina	between_cervix_vagina	0.9946234065671958	0.9156411617502084	False	0.583558313936994
L_iners.fna	25C	6V	25	6	cervix	vagina	between_cervix_vagina	0.990275330621589	0.9274854022901342	False	0.2512262649426745
L_iners.fna	25C	8C	25	8	cervix	cervix	other	0.9903259921300164	0.9092181694092668	False	0.7468467882012623
L_iners.fna	25C	8V	25	8	cervix	vagina	between_cervix_vagina	0.9901836744319596	0.9164305755668462	False	0.11115808230773681
L_iners.fna	25V	26C	25	26	vagina	cervix	between_cervix_vagina	0.9999204138479904	0.9242473648289984	True	0.5968537744427515
L_iners.fna	25V	26V	25	26	vagina	vagina	other	1.0	0.933118222491848	True	0.03594602303515081
L_iners.fna	25V	27C	25	27	vagina	cervix	between_cervix_vagina	0.993374457586756	0.8846181845757185	False	0.9318665950832189
L_iners.fna	25V	27V	25	27	vagina	vagina	other	0.9941203854377372	0.9203647531659968	False	0.7870984527449656
L_iners.fna	25V	28C	25	28	vagina	cervix	between_cervix_vagina	0.9903498391085818	0.9124865397740198	False	0.915883906912291
L_iners.fna	25V	28V	25	28	vagina	vagina	other	0.9901673703640228	0.9247827405778418	False	0.5181429675760069
L_iners.fna	25V	2C	25	2	vagina	cervix	between_cervix_vagina	0.9902023063215204	0.7723553499658755	False	0.8627228509322376
L_iners.fna	25V	2V	25	2	vagina	vagina	other	0.9902374848867248	0.9182194585576704	False	0.26078471326061115
L_iners.fna	25V	32C	25	32	vagina	cervix	between_cervix_vagina	0.989961016342278	0.90433836353985	False	0.345224574775205
L_iners.fna	25V	32V	25	32	vagina	vagina	other	0.9899399615834588	0.9048578145142944	False	0.47799558290180555
L_iners.fna	25V	33C	25	33	vagina	cervix	between_cervix_vagina	0.99002032368469	0.903329794494578	False	0.21039461662363737
L_iners.fna	25V	33V	25	33	vagina	vagina	other	0.9899409161888302	0.9047175248350648	False	0.4098876116181663
L_iners.fna	25V	36C	25	36	vagina	cervix	between_cervix_vagina	0.9910846574783188	0.9212648820808372	False	0.85908927900147
L_iners.fna	25V	36V	25	36	vagina	vagina	other	0.9910538876363012	0.920215363615682	False	0.6460382917354066
L_iners.fna	25V	39V	25	39	vagina	vagina	other	0.9898360042401946	0.9242526730871312	False	0.8183844490293858
L_iners.fna	25V	3V	25	3	vagina	vagina	other	0.9904892691119296	0.8989937059224994	False	0.9375168287142327
L_iners.fna	25V	41C	25	41	vagina	cervix	between_cervix_vagina	0.9946506984193364	0.6600394327747023	False	0.9125698669353463
L_iners.fna	25V	41V	25	41	vagina	vagina	other	0.9946410480465194	0.9146932585121712	False	0.6050277692236857
L_iners.fna	25V	6V	25	6	vagina	vagina	other	0.9903338443195367	0.9260392811101844	False	0.6017124673487078
L_iners.fna	25V	8C	25	8	vagina	cervix	between_cervix_vagina	0.9903530939536376	0.9086281944339122	False	0.48626142382806975
L_iners.fna	25V	8V	25	8	vagina	vagina	other	0.990208734501513	0.915213467809206	False	0.33255068160256607
L_iners.fna	26C	26V	26	26	cervix	vagina	within_cervix_vagina	0.9999163086536852	0.9242162736027906	True	0.5735025680176257
L_iners.fna	26C	27C	26	27	cervix	cervix	other	0.9975972737872876	0.8903336619397891	False	0.9140736977522406
L_iners.fna	26C	27V	26	27	cervix	vagina	between_cervix_vagina	0.9978420608976336	0.9221013118980814	False	0.8463692503380436
L_iners.fna	26C	28C	26	28	cervix	cervix	other	0.9944383299951746	0.917758398422689	False	0.8975593138611114
L_iners.fna	26C	28V	26	28	cervix	vagina	between_cervix_vagina	0.9942102514484604	0.926398726018048	False	0.850505062956754
L_iners.fna	26C	2C	26	2	cervix	cervix	other	0.9949210840875272	0.7771479487373929	False	0.5680194576796986
L_iners.fna	26C	2V	26	2	cervix	vagina	between_cervix_vagina	0.9948107191237788	0.9191734283764312	False	0.7410185223790084
L_iners.fna	26C	32C	26	32	cervix	cervix	other	0.9960041714509842	0.906761962538864	False	0.7799340056600396
L_iners.fna	26C	32V	26	32	cervix	vagina	between_cervix_vagina	0.995971483554056	0.9071221657693184	False	0.8351052761862237
L_iners.fna	26C	33C	26	33	cervix	cervix	other	0.9960380806329696	0.9059096079472208	False	0.5925871982361759
L_iners.fna	26C	33V	26	33	cervix	vagina	between_cervix_vagina	0.995977109989926	0.9070713581557596	False	0.8076589397020447
L_iners.fna	26C	36C	26	36	cervix	cervix	other	0.996918165052644	0.9301145067111548	False	0.9620388329018525
L_iners.fna	26C	36V	26	36	cervix	vagina	between_cervix_vagina	0.9969010304869388	0.9291317206339575	False	0.8960943218557917
L_iners.fna	26C	39V	26	39	cervix	vagina	between_cervix_vagina	0.9938649702522871	0.9239501023735496	False	0.9284932430593489
L_iners.fna	26C	3V	26	3	cervix	vagina	between_cervix_vagina	0.998241071073328	0.9148525062561612	False	0.9293108601016906
L_iners.fna	26C	41C	26	41	cervix	cervix	other	0.9968367517129978	0.6638098126943202	False	0.7896290972352819
L_iners.fna	26C	41V	26	41	cervix	vagina	between_cervix_vagina	0.996576188128402	0.9120747706074164	False	0.8820196601534017
L_iners.fna	26C	6V	26	6	cervix	vagina	between_cervix_vagina	0.994382760443862	0.9236642147569576	False	0.8808602348604282
L_iners.fna	26C	8C	26	8	cervix	cervix	other	0.9952084620368556	0.9058967164631836	False	0.19399933498927874
L_iners.fna	26C	8V	26	8	cervix	vagina	between_cervix_vagina	0.9950310569350772	0.910638507621142	False	0.774296231037729
L_iners.fna	26V	27C	26	27	vagina	cervix	between_cervix_vagina	0.9933684410822377	0.8847304163191021	False	0.9305031851214317
L_iners.fna	26V	27V	26	27	vagina	vagina	other	0.9941269866118696	0.9203662698111776	False	0.7833947392219271
L_iners.fna	26V	28C	26	28	vagina	cervix	between_cervix_vagina	0.9903453983998192	0.9125381057101692	False	0.9144337826954532
L_iners.fna	26V	28V	26	28	vagina	vagina	other	0.9901570702953943	0.9247395161901872	False	0.5439576814005439
L_iners.fna	26V	2C	26	2	vagina	cervix	between_cervix_vagina	0.9901899284050314	0.7724630317737166	False	0.8532369475020919
L_iners.fna	26V	2V	26	2	vagina	vagina	other	0.9902229584985688	0.9182513081064684	False	0.29397496403408163
L_iners.fna	26V	32C	26	32	vagina	cervix	between_cervix_vagina	0.9899539503643464	0.9042306817320088	False	0.37649845881588945
L_iners.fna	26V	32V	26	32	vagina	vagina	other	0.9899286388407876	0.90474406612573	False	0.5052602047701145
L_iners.fna	26V	33C	26	33	vagina	cervix	between_cervix_vagina	0.9900122747598362	0.9032092212026996	False	0.1818149444690819
L_iners.fna	26V	33V	26	33	vagina	vagina	other	0.9899295496003004	0.9045999848335482	False	0.43936017670785055
L_iners.fna	26V	36C	26	36	vagina	cervix	between_cervix_vagina	0.991087599365117	0.9211435504663684	False	0.8682238185950998
L_iners.fna	26V	36V	26	36	vagina	vagina	other	0.9910562257800254	0.9201167816789262	False	0.6665063658140726
L_iners.fna	26V	39V	26	39	vagina	vagina	other	0.9898305001316718	0.924348980056116	False	0.8167704879774705
L_iners.fna	26V	3V	26	3	vagina	vagina	other	0.990484167834952	0.8989899143095473	False	0.9368219898377315
L_iners.fna	26V	41C	26	41	vagina	cervix	between_cervix_vagina	0.9946425268247062	0.6600235080003033	False	0.9074453927284013
L_iners.fna	26V	41V	26	41	vagina	vagina	other	0.9946363247423876	0.9145946765754152	False	0.6273303961746455
L_iners.fna	26V	6V	26	6	vagina	vagina	other	0.9903242660691708	0.9259846818836732	False	0.6241584607961302
L_iners.fna	26V	8C	26	8	vagina	cervix	between_cervix_vagina	0.9903533032779908	0.9086479108212634	False	0.4587748967763483
L_iners.fna	26V	8V	26	8	vagina	vagina	other	0.9902071026265482	0.9151383938727534	False	0.3641437756576628
L_iners.fna	27C	27V	27	27	cervix	vagina	within_cervix_vagina	0.999994937751214	0.8987973003715781	True	0.21788348090693402
L_iners.fna	27C	28C	27	28	cervix	cervix	other	0.9956140126889772	0.890936528399181	False	0.8681524172351892
L_iners.fna	27C	28V	27	28	cervix	vagina	between_cervix_vagina	0.995416204715753	0.8953370743914462	False	0.8077983618952919
L_iners.fna	27C	2C	27	2	cervix	cervix	other	0.9947659290028408	0.7623689997725033	False	0.9435505485644793
L_iners.fna	27C	2V	27	2	cervix	vagina	between_cervix_vagina	0.9947349564089878	0.8889512398574354	False	0.8779644438850978
L_iners.fna	27C	32C	27	32	cervix	cervix	other	0.9958842241146116	0.8858633502692045	False	0.9441348009232753
L_iners.fna	27C	32V	27	32	cervix	vagina	between_cervix_vagina	0.995845553133459	0.8863790096306969	False	0.951047125021717
L_iners.fna	27C	33C	27	33	cervix	cervix	other	0.995884949878604	0.8854667475544097	False	0.8826772201422747
L_iners.fna	27C	33V	27	33	cervix	vagina	between_cervix_vagina	0.9958456338510246	0.8862136953059832	False	0.8999549933048757
L_iners.fna	27C	36C	27	36	cervix	cervix	other	0.997269015655646	0.8857791764616668	False	0.8267714581340702
L_iners.fna	27C	36V	27	36	cervix	vagina	between_cervix_vagina	0.997280970653176	0.8843747630241905	False	0.823134668567531
L_iners.fna	27C	39V	27	39	cervix	vagina	between_cervix_vagina	0.9930772662566324	0.890677182073254	False	0.6512973876840975
L_iners.fna	27C	3V	27	3	cervix	vagina	between_cervix_vagina	0.9955987482266256	0.8776810495184652	False	0.403082699683804
L_iners.fna	27C	41C	27	41	cervix	cervix	other	0.9941837894552767	0.6504701600060666	False	0.925094625063301
L_iners.fna	27C	41V	27	41	cervix	vagina	between_cervix_vagina	0.9936019364142004	0.883476150754531	False	0.8453297757254291
L_iners.fna	27C	6V	27	6	cervix	vagina	between_cervix_vagina	0.9957304615928506	0.8923242587396678	False	0.941996760929356
L_iners.fna	27C	8C	27	8	cervix	cervix	other	0.9940624875234992	0.8737135057253356	False	0.9063475560936645
L_iners.fna	27C	8V	27	8	cervix	vagina	between_cervix_vagina	0.993878493678682	0.8766876469250019	False	0.9293448750784516
L_iners.fna	27V	28C	27	28	vagina	cervix	between_cervix_vagina	0.996726878464906	0.9267270796997042	False	0.8785287616736095
L_iners.fna	27V	28V	27	28	vagina	vagina	other	0.9965476547234692	0.9388026086297112	False	0.7425985390114588
L_iners.fna	27V	2C	27	2	vagina	cervix	between_cervix_vagina	0.9955520619086298	0.782372033062865	False	0.952943647606854
L_iners.fna	27V	2V	27	2	vagina	vagina	other	0.9954738888262192	0.9276909077121408	False	0.760533428933707
L_iners.fna	27V	32C	27	32	vagina	cervix	between_cervix_vagina	0.9963719758164922	0.9136179570789412	False	0.8279719901860866
L_iners.fna	27V	32V	27	32	vagina	vagina	other	0.9963143403930208	0.9141449912792902	False	0.8495948070747303
L_iners.fna	27V	33C	27	33	vagina	cervix	between_cervix_vagina	0.9963840829874968	0.9129021005535756	False	0.7437717230117215
L_iners.fna	27V	33V	27	33	vagina	vagina	other	0.9963237551294029	0.914010768180784	False	0.7951558737109624
L_iners.fna	27V	36C	27	36	vagina	cervix	between_cervix_vagina	0.997541793222302	0.9205224842648062	False	0.8250591734176529
L_iners.fna	27V	36V	27	36	vagina	vagina	other	0.9975648540191462	0.9189633730188822	False	0.754572919300408
L_iners.fna	27V	39V	27	39	vagina	vagina	other	0.9938042263267152	0.9260294229165088	False	0.6626652098439063
L_iners.fna	27V	3V	27	3	vagina	vagina	other	0.9961042794893512	0.9016432850534616	False	0.49760269985989075
L_iners.fna	27V	41C	27	41	vagina	cervix	between_cervix_vagina	0.9949649415846036	0.6610207022067187	False	0.9279405569282925
L_iners.fna	27V	41V	27	41	vagina	vagina	other	0.994496546162527	0.9158921665276408	False	0.7653379513289795
L_iners.fna	27V	6V	27	6	vagina	vagina	other	0.9970886514156644	0.9353522408432547	False	0.8540811744852044
L_iners.fna	27V	8C	27	8	vagina	cervix	between_cervix_vagina	0.9948535896024272	0.9063486767270796	False	0.7860040035672539
L_iners.fna	27V	8V	27	8	vagina	vagina	other	0.9946704237628572	0.9117668916357018	False	0.8133741803481019
L_iners.fna	28C	28V	28	28	cervix	vagina	within_cervix_vagina	0.9999838671036532	0.9400947903238036	True	0.8011329277728844
L_iners.fna	28C	2C	28	2	cervix	cervix	other	0.9919922360731162	0.7805990748464396	False	0.9534825213006405
L_iners.fna	28C	2V	28	2	cervix	vagina	between_cervix_vagina	0.9917764646449688	0.9216758929248502	False	0.8997827145738366
L_iners.fna	28C	32C	28	32	cervix	cervix	other	0.9902715217848874	0.9006976567831956	False	0.9269559444574262
L_iners.fna	28C	32V	28	32	cervix	vagina	between_cervix_vagina	0.9902377338551992	0.901308864791082	False	0.931736697382447
L_iners.fna	28C	33C	28	33	cervix	cervix	other	0.9903447555176136	0.899832410707515	False	0.8829616405013913
L_iners.fna	28C	33V	28	33	cervix	vagina	between_cervix_vagina	0.990243968114925	0.901185258208842	False	0.9058777352206587
L_iners.fna	28C	36C	28	36	cervix	cervix	other	0.9909253316048252	0.9113573974368696	False	0.9491845769890576
L_iners.fna	28C	36V	28	36	cervix	vagina	between_cervix_vagina	0.9909307374466	0.90955941457496	False	0.9127886999766761
L_iners.fna	28C	39V	28	39	cervix	vagina	between_cervix_vagina	0.9904889771140756	0.9206529157503602	False	0.786751603079693
L_iners.fna	28C	3V	28	3	cervix	vagina	between_cervix_vagina	0.9897510335448468	0.8943929627663608	False	0.6434041857732677
L_iners.fna	28C	41C	28	41	cervix	cervix	other	0.9912438723231728	0.6583696064305755	False	0.8754372566213827
L_iners.fna	28C	41V	28	41	cervix	vagina	between_cervix_vagina	0.990633698402574	0.9047599909001288	False	0.866750301790245
L_iners.fna	28C	6V	28	6	cervix	vagina	between_cervix_vagina	0.9968136230672796	0.9291089709562448	False	0.9057870984255104
L_iners.fna	28C	8C	28	8	cervix	cervix	other	0.990251746100952	0.8974702358383256	False	0.8915497414315157
L_iners.fna	28C	8V	28	8	cervix	vagina	between_cervix_vagina	0.9900396915810298	0.901964813831804	False	0.9167664461682442
L_iners.fna	28V	2C	28	2	vagina	cervix	between_cervix_vagina	0.9918724622632736	0.7829043755213467	False	0.95428657234161
L_iners.fna	28V	2V	28	2	vagina	vagina	other	0.9916836876459376	0.9333692272692804	False	0.29756656960638533
L_iners.fna	28V	32C	28	32	vagina	cervix	between_cervix_vagina	0.9901450435097324	0.913530749981042	False	0.2135674159411147
L_iners.fna	28V	32V	28	32	vagina	vagina	other	0.9901058833872732	0.9142837643133388	False	0.2914152192194126
L_iners.fna	28V	33C	28	33	vagina	cervix	between_cervix_vagina	0.9902104109233828	0.912426632289376	False	0.5791556402894442
L_iners.fna	28V	33V	28	33	vagina	vagina	other	0.9901044803607782	0.914077500568742	False	0.19564547305393434
L_iners.fna	28V	36C	28	36	vagina	cervix	between_cervix_vagina	0.990762283865336	0.924331538636536	False	0.6949446291125457
L_iners.fna	28V	36V	28	36	vagina	vagina	other	0.9907811143556152	0.922435732160461	False	0.4012783191339132
L_iners.fna	28V	39V	28	39	vagina	vagina	other	0.9903295994842451	0.9315924774399028	False	0.6646921458966086
L_iners.fna	28V	3V	28	3	vagina	vagina	other	0.9894965860121494	0.9020383711230756	False	0.7316226980147815
L_iners.fna	28V	41C	28	41	vagina	cervix	between_cervix_vagina	0.991048530310378	0.6614537044058543	False	0.8511123882459543
L_iners.fna	28V	41V	28	41	vagina	vagina	other	0.990498955272474	0.9200235080003032	False	0.39512702202444666
L_iners.fna	28V	6V	28	6	vagina	vagina	other	0.9967078387273944	0.9457837263972094	False	0.321728478232227
L_iners.fna	28V	8C	28	8	vagina	cervix	between_cervix_vagina	0.990099928610479	0.907146432092212	False	0.7916027724430428
L_iners.fna	28V	8V	28	8	vagina	vagina	other	0.9898962673495928	0.9143793129597332	False	0.227555922970953
L_iners.fna	2C	2V	2	2	cervix	vagina	within_cervix_vagina	1.0	0.7927565026162129	True	0.9171603139616661
L_iners.fna	2C	32C	2	32	cervix	cervix	other	0.9913534067538048	0.7709873360127398	False	0.9307417096844468
L_iners.fna	2C	32V	2	32	cervix	vagina	between_cervix_vagina	0.9913281072561718	0.7712739819519223	False	0.9492633751081837
L_iners.fna	2C	33C	2	33	cervix	cervix	other	0.9914000779395614	0.7705861833624024	False	0.8610044888882189
L_iners.fna	2C	33V	2	33	cervix	vagina	between_cervix_vagina	0.9913358330597004	0.7713490558883749	False	0.9401538233150567
L_iners.fna	2C	36C	2	36	cervix	cervix	other	0.9917463770748186	0.772414499127929	False	0.9888902415491828
L_iners.fna	2C	36V	2	36	cervix	vagina	between_cervix_vagina	0.9917762882979256	0.7712588155001138	False	0.9687990548779134
L_iners.fna	2C	39V	2	39	cervix	vagina	between_cervix_vagina	0.9904060138387514	0.7799810419352392	False	0.9787990637260969
L_iners.fna	2C	3V	2	3	cervix	vagina	between_cervix_vagina	0.990739565274312	0.7645924016076439	False	0.9726218652459008
L_iners.fna	2C	41C	2	41	cervix	cervix	other	0.9918435139538327	0.5734496094638659	False	0.6649833306725499
L_iners.fna	2C	41V	2	41	cervix	vagina	between_cervix_vagina	0.9911005270657378	0.7690187305679836	False	0.9643747142638864
L_iners.fna	2C	6V	2	6	cervix	vagina	between_cervix_vagina	0.9917194684432968	0.7835497080458027	False	0.9640080457829892
L_iners.fna	2C	8C	2	8	cervix	cervix	other	0.9909539068277052	0.769128687343596	False	0.6651446168602766
L_iners.fna	2C	8V	2	8	cervix	vagina	between_cervix_vagina	0.9907558942361786	0.7710290437552134	False	0.9288013010791311
L_iners.fna	2V	32C	2	32	vagina	cervix	between_cervix_vagina	0.9915022774361508	0.9131758550087208	False	0.16640400112699555
L_iners.fna	2V	32V	2	32	vagina	vagina	other	0.9914876771740782	0.9137476302419048	False	0.30914793510023036
L_iners.fna	2V	33C	2	33	vagina	cervix	between_cervix_vagina	0.9915650509588988	0.9120603624781982	False	0.3674526251212863
L_iners.fna	2V	33V	2	33	vagina	vagina	other	0.9914919081414912	0.9136672480473194	False	0.19447764172370632
L_iners.fna	2V	36C	2	36	vagina	cervix	between_cervix_vagina	0.9917207006398316	0.9195897474785774	False	0.7710481512676564
L_iners.fna	2V	36V	2	36	vagina	vagina	other	0.99173914839136	0.9180632441040418	False	0.4801008066517955
L_iners.fna	2V	39V	2	39	vagina	vagina	other	0.9905192501083304	0.9275119435807992	False	0.8010693769698559
L_iners.fna	2V	3V	2	3	vagina	vagina	other	0.9907843386871455	0.8994714491544703	False	0.9043487693809619
L_iners.fna	2V	41C	2	41	vagina	cervix	between_cervix_vagina	0.9916994421352128	0.6580518692651854	False	0.9275858162744398
L_iners.fna	2V	41V	2	41	vagina	vagina	other	0.9910382575414496	0.9126025631303556	False	0.48498140441770443
L_iners.fna	2V	6V	2	6	vagina	vagina	other	0.991708756671022	0.933264578751801	False	0.4429355467206162
L_iners.fna	2V	8C	2	8	vagina	cervix	between_cervix_vagina	0.990976523092752	0.9080397361037386	False	0.6611992620700433
L_iners.fna	2V	8V	2	8	vagina	vagina	other	0.990801319781805	0.9147342079320544	False	0.1533440289862003
L_iners.fna	32C	32V	32	32	cervix	vagina	within_cervix_vagina	0.999998354440378	0.9216592098278608	True	0.15901020833836654
L_iners.fna	32C	33C	32	33	cervix	cervix	other	0.9999884646631434	0.9203473117464168	True	0.48417556450220545
L_iners.fna	32C	33V	32	33	cervix	vagina	between_cervix_vagina	0.9999901251229216	0.9215174035034503	True	0.0753212389370588
L_iners.fna	32C	36C	32	36	cervix	cervix	other	0.9945841183041296	0.9096989459315992	False	0.730521988600056
L_iners.fna	32C	36V	32	36	cervix	vagina	between_cervix_vagina	0.9945591464280048	0.9083112155911124	False	0.38716173941892035
L_iners.fna	32C	39V	32	39	cervix	vagina	between_cervix_vagina	0.989787824046608	0.9100902403882613	False	0.836275957605217
L_iners.fna	32C	3V	32	3	cervix	vagina	between_cervix_vagina	0.99279117148576	0.8899378175475847	False	0.9443572637661072
L_iners.fna	32C	41C	32	41	cervix	cervix	other	0.990231617506773	0.6558208842041404	False	0.9455090462991159
L_iners.fna	32C	41V	32	41	cervix	vagina	between_cervix_vagina	0.9896098287701782	0.9096071888981572	False	0.5544124040139112
L_iners.fna	32C	6V	32	6	cervix	vagina	between_cervix_vagina	0.9901299357593882	0.9123629331917796	False	0.3289511240875927
L_iners.fna	32C	8C	32	8	cervix	cervix	other	0.9904151076645186	0.8933828770759081	False	0.7100275336186502
L_iners.fna	32C	8V	32	8	cervix	vagina	between_cervix_vagina	0.9902404743085668	0.8999302343216804	False	0.030070746974804746
L_iners.fna	32V	33C	32	33	vagina	cervix	between_cervix_vagina	0.9999967049008012	0.9205459922651096	True	0.5891346447237417
L_iners.fna	32V	33V	32	33	vagina	vagina	other	0.9999942419436566	0.921883673314628	True	0.1386333028053237
L_iners.fna	32V	36C	32	36	vagina	cervix	between_cervix_vagina	0.9945647510989198	0.9103639948434064	False	0.6476438529830576
L_iners.fna	32V	36V	32	36	vagina	vagina	other	0.9945483717286268	0.9088807158565254	False	0.4085646098203437
L_iners.fna	32V	39V	32	39	vagina	vagina	other	0.9897643894029368	0.910525517555168	False	0.8481324715900789
L_iners.fna	32V	3V	32	3	vagina	vagina	other	0.992777990715898	0.890308637294305	False	0.9488943404333705
L_iners.fna	32V	41C	32	41	vagina	cervix	between_cervix_vagina	0.9902150492888716	0.6560279062713278	False	0.9575255182041403
L_iners.fna	32V	41V	32	41	vagina	vagina	other	0.9895738134849787	0.9102472131644802	False	0.6028685262118338
L_iners.fna	32V	6V	32	6	vagina	vagina	other	0.9900709714602716	0.9131311139758852	False	0.1824361859038425
L_iners.fna	32V	8C	32	8	vagina	cervix	between_cervix_vagina	0.9904134186680787	0.8936209903693031	False	0.7804747682523252
L_iners.fna	32V	8V	32	8	vagina	vagina	other	0.990232295667408	0.9003412451656935	False	0.1858181460132977
L_iners.fna	33C	33V	33	33	cervix	vagina	within_cervix_vagina	0.9999975285249412	0.9204898763934176	True	0.47039021941864007
L_iners.fna	33C	36C	33	36	cervix	cervix	other	0.9946133112067	0.9084348221733526	False	0.8772101194464373
L_iners.fna	33C	36V	33	36	cervix	vagina	between_cervix_vagina	0.994599745870394	0.907135815575946	False	0.6911199033093186
L_iners.fna	33C	39V	33	39	cervix	vagina	between_cervix_vagina	0.9898550627916638	0.9090210055357548	False	0.7961531662270286
L_iners.fna	33C	3V	33	3	cervix	vagina	between_cervix_vagina	0.9928150677222076	0.8893091681201183	False	0.9099985162139879
L_iners.fna	33C	41C	33	41	cervix	cervix	other	0.990278638916908	0.655560779555623	False	0.8856108290708479
L_iners.fna	33C	41V	33	41	cervix	vagina	between_cervix_vagina	0.989668417810586	0.9085265792067946	False	0.6566861314911612
L_iners.fna	33C	6V	33	6	cervix	vagina	between_cervix_vagina	0.9901991624723708	0.9112246909835444	False	0.6755914865549345
L_iners.fna	33C	8C	33	8	cervix	cervix	other	0.9904714900730884	0.8927003867445211	False	0.48122206401775985
L_iners.fna	33C	8V	33	8	cervix	vagina	between_cervix_vagina	0.9902921713862892	0.8987859255327216	False	0.4741467939982304
L_iners.fna	33V	36C	33	36	vagina	cervix	between_cervix_vagina	0.9945697090070516	0.9102176385834534	False	0.6963512044196074
L_iners.fna	33V	36V	33	36	vagina	vagina	other	0.9945498288841544	0.9087063016607264	False	0.3392894224950014
L_iners.fna	33V	39V	33	39	vagina	vagina	other	0.9897699317273692	0.9105740502009556	False	0.8164864755454395
L_iners.fna	33V	3V	33	3	vagina	vagina	other	0.992781062468168	0.8903723363919012	False	0.916077533632703
L_iners.fna	33V	41C	33	41	vagina	cervix	between_cervix_vagina	0.9902155944743078	0.6559869568514446	False	0.9394985053951985
L_iners.fna	33V	41V	33	41	vagina	vagina	other	0.989580850698582	0.9099886251611436	False	0.5467926157250746
L_iners.fna	33V	6V	33	6	vagina	vagina	other	0.9900969785069048	0.9129256085538788	False	0.2952822918825839
L_iners.fna	33V	8C	33	8	vagina	cervix	between_cervix_vagina	0.9904073156946974	0.8936058239174945	False	0.7452475935573093
L_iners.fna	33V	8V	33	8	vagina	vagina	other	0.9902220342852136	0.9002494881322515	False	0.10373976873268828
L_iners.fna	36C	36V	36	36	cervix	vagina	within_cervix_vagina	1.0	0.9424812315158868	True	0.4787711806114968
L_iners.fna	36C	39V	36	39	cervix	vagina	between_cervix_vagina	0.9898412760932732	0.9241351330856146	False	0.6753500385359789
L_iners.fna	36C	3V	36	3	cervix	vagina	between_cervix_vagina	0.994793232115072	0.913319177978312	False	0.8155556498859737
L_iners.fna	36C	41C	36	41	cervix	cervix	other	0.991319889437698	0.6567968453780239	False	0.9757963058493827
L_iners.fna	36C	41V	36	41	cervix	vagina	between_cervix_vagina	0.9908568045546352	0.9119913551224692	False	0.7856106416790698
L_iners.fna	36C	6V	36	6	cervix	vagina	between_cervix_vagina	0.991056938472325	0.927991203457951	False	0.5568046529230136
L_iners.fna	36C	8C	36	8	cervix	cervix	other	0.9912633711967952	0.9071267157048608	False	0.945947039094705
L_iners.fna	36C	8V	36	8	cervix	vagina	between_cervix_vagina	0.9911118924670012	0.9144468036702812	False	0.7371297224332223
L_iners.fna	36V	39V	36	39	vagina	vagina	other	0.9898535210526488	0.9223356335785244	False	0.5819861908759275
L_iners.fna	36V	3V	36	3	vagina	vagina	other	0.9947670867456964	0.912523697580951	False	0.8491061545385233
L_iners.fna	36V	41C	36	41	vagina	cervix	between_cervix_vagina	0.9912825014727455	0.6565026162129369	False	0.9562724876510892
L_iners.fna	36V	41V	36	41	vagina	vagina	other	0.9908438863892436	0.9106218245241524	False	0.6193906641869587
L_iners.fna	36V	6V	36	6	vagina	vagina	other	0.991062056316578	0.9261469629180252	False	0.48055239518557147
L_iners.fna	36V	8C	36	8	vagina	cervix	between_cervix_vagina	0.9912380729282138	0.9064116175020854	False	0.8539008985171795
L_iners.fna	36V	8V	36	8	vagina	vagina	other	0.9910904652784696	0.9133540608174716	False	0.4009318132834497
L_iners.fna	39V	3V	39	3	vagina	vagina	other	0.9893626595453876	0.9015886858269508	False	0.555314992854736
L_iners.fna	39V	41C	39	41	vagina	cervix	between_cervix_vagina	0.9904948132588948	0.6585030712064912	False	0.9289373017130008
L_iners.fna	39V	41V	39	41	vagina	vagina	other	0.990118989342737	0.912426632289376	False	0.6320045814341225
L_iners.fna	39V	6V	39	6	vagina	vagina	other	0.9903753906592996	0.9327155531963296	False	0.8092937616881233
L_iners.fna	39V	8C	39	8	vagina	cervix	between_cervix_vagina	0.9890387717406748	0.9073253962235536	False	0.8988339031808494
L_iners.fna	39V	8V	39	8	vagina	vagina	other	0.9888528846377312	0.9136240236596648	False	0.8298379106504933
L_iners.fna	3V	41C	3	41	vagina	cervix	between_cervix_vagina	0.9901128513144648	0.6514711458254342	False	0.912754667899354
L_iners.fna	3V	41V	3	41	vagina	vagina	other	0.9895993155228664	0.8916266019564723	False	0.6505137605923628
L_iners.fna	3V	6V	3	6	vagina	vagina	other	0.989714261684994	0.9016645180859938	False	0.8883232421811442
L_iners.fna	3V	8C	3	8	vagina	cervix	between_cervix_vagina	0.9909937638611735	0.8869598847349662	False	0.9250927788323703
L_iners.fna	3V	8V	3	8	vagina	vagina	other	0.990810670008138	0.8908258133009782	False	0.9351814194149491
L_iners.fna	41C	41V	41	41	cervix	vagina	within_cervix_vagina	0.99999090958675	0.6673602790627132	True	0.8826014716425424
L_iners.fna	41C	6V	41	6	cervix	vagina	between_cervix_vagina	0.9914398859568944	0.6612201410480019	False	0.886459125544023
L_iners.fna	41C	8C	41	8	cervix	cervix	other	0.9908304163392092	0.6503511033593691	False	0.7733038941808362
L_iners.fna	41C	8V	41	8	cervix	vagina	between_cervix_vagina	0.9906606738645432	0.6519284143474634	False	0.9236460557915386
L_iners.fna	41V	6V	41	6	vagina	vagina	other	0.9910890860478426	0.9195101236065822	False	0.5866100764690416
L_iners.fna	41V	8C	41	8	vagina	cervix	between_cervix_vagina	0.9905518405258282	0.8964396754379313	False	0.8345529789825842
L_iners.fna	41V	8V	41	8	vagina	vagina	other	0.9903859954825762	0.9034556760445892	False	0.5422862620955431
L_iners.fna	6V	8C	6	8	vagina	cervix	between_cervix_vagina	0.9903410657565582	0.9103230454235232	False	0.832963756172838
L_iners.fna	6V	8V	6	8	vagina	vagina	other	0.9901788724294524	0.917758398422689	False	0.33933980465645136
L_iners.fna	8C	8V	8	8	cervix	vagina	within_cervix_vagina	0.999999171560672	0.9153628573595208	True	0.6898164432169075
L_jensenii.fna	23V	24V	23	24	vagina	vagina	other	1.0	0.9391912126430632	True	0.2706677138229581
Lactobacillus_gasseri.fna	34C	40V	34	40	cervix	vagina	between_cervix_vagina	0.9996043325584846	0.4012091465236099	False	0.6589534939813315
Megasphaera_lornae.fna	21C	21V	21	21	cervix	vagina	within_cervix_vagina	0.9999993486381652	0.9356759896318048	True	0.15475956912622998
Megasphaera_lornae.fna	21C	22C	21	22	cervix	cervix	other	0.9967705581899392	0.9296398618467844	False	0.6718089140407115
Megasphaera_lornae.fna	21C	22V	21	22	cervix	vagina	between_cervix_vagina	0.996707234867236	0.9258288857724982	False	0.7625755994163925
Megasphaera_lornae.fna	21C	24C	21	24	cervix	cervix	other	0.9966887919165396	0.9247214903579808	False	0.7759718085306565
Megasphaera_lornae.fna	21C	30C	21	30	cervix	cervix	other	0.9937862765650108	0.510524522683322	False	0.8701600559837976
Megasphaera_lornae.fna	21C	31C	21	31	cervix	cervix	other	0.993796745241227	0.9142070238245428	False	0.7556566453041316
Megasphaera_lornae.fna	21C	31V	21	31	cervix	vagina	between_cervix_vagina	0.9938733073252086	0.917971680662999	False	0.7158657117219186
Megasphaera_lornae.fna	21C	37C	21	37	cervix	cervix	other	0.9935709093061088	0.9062669316614528	False	0.6890388836159961
Megasphaera_lornae.fna	21C	38C	21	38	cervix	cervix	other	0.9943458395292384	0.7672513251262961	False	0.7235603543098911
Megasphaera_lornae.fna	21C	38V	21	38	cervix	vagina	between_cervix_vagina	0.9942140452669044	0.9039850998331898	False	0.7537809767220035
Megasphaera_lornae.fna	21C	39C	21	39	cervix	cervix	other	0.994807067491336	0.7261314235181044	False	0.8088301404649073
Megasphaera_lornae.fna	21C	39V	21	39	cervix	vagina	between_cervix_vagina	0.9965780711613452	0.9240102463025364	False	0.7720427590737189
Megasphaera_lornae.fna	21C	41V	21	41	cervix	vagina	between_cervix_vagina	0.99380102781924	0.9125773180796776	False	0.8853155778800955
Megasphaera_lornae.fna	21C	42C	21	42	cervix	cervix	other	0.993559071520948	0.910467964458519	False	0.839057124752142
Megasphaera_lornae.fna	21C	42V	21	42	cervix	vagina	between_cervix_vagina	0.9932283368261298	0.926841204860838	False	0.8547331399572586
Megasphaera_lornae.fna	21C	5V	21	5	cervix	vagina	between_cervix_vagina	0.9958043137275896	0.9107775719822256	False	0.8327842781664789
Megasphaera_lornae.fna	21C	7V	21	7	cervix	vagina	between_cervix_vagina	0.996953548072282	0.9192613057026904	False	0.8225170598261735
Megasphaera_lornae.fna	21V	22C	21	22	vagina	cervix	between_cervix_vagina	0.9965863395349892	0.9419595596503384	False	0.6594082927770606
Megasphaera_lornae.fna	21V	22V	21	22	vagina	vagina	other	0.9965267932627704	0.9393218010625388	False	0.7296485894186177
Megasphaera_lornae.fna	21V	24C	21	24	vagina	cervix	between_cervix_vagina	0.9964854880785752	0.9366060311301831	False	0.7982703895629548
Megasphaera_lornae.fna	21V	30C	21	30	vagina	cervix	between_cervix_vagina	0.9935642651896102	0.5158305130403885	False	0.9030165873367616
Megasphaera_lornae.fna	21V	31C	21	31	vagina	cervix	between_cervix_vagina	0.9935991563962302	0.9247391648032316	False	0.807571661408867
Megasphaera_lornae.fna	21V	31V	21	31	vagina	vagina	other	0.993672714646506	0.9302883311484064	False	0.7206545535100058
Megasphaera_lornae.fna	21V	37C	21	37	vagina	cervix	between_cervix_vagina	0.9934340948939766	0.9152297037945816	False	0.7449005591888228
Megasphaera_lornae.fna	21V	38C	21	38	vagina	cervix	between_cervix_vagina	0.9942161264938189	0.7721727439332466	False	0.7854856049072074
Megasphaera_lornae.fna	21V	38V	21	38	vagina	vagina	other	0.9940937573376486	0.9110621914971292	False	0.804047419242831
Megasphaera_lornae.fna	21V	39C	21	39	vagina	cervix	between_cervix_vagina	0.9947189247261756	0.7329385227942444	False	0.8464446180192986
Megasphaera_lornae.fna	21V	39V	21	39	vagina	vagina	other	0.9964085695466964	0.9382680384474036	False	0.6874533148316687
Megasphaera_lornae.fna	21V	41V	21	41	vagina	vagina	other	0.9936157393078152	0.9235135334446214	False	0.8812084407864944
Megasphaera_lornae.fna	21V	42C	21	42	vagina	cervix	between_cervix_vagina	0.9933906794280926	0.9206521017048526	False	0.8513075152823992
Megasphaera_lornae.fna	21V	42V	21	42	vagina	vagina	other	0.993045810536741	0.9402871914514194	False	0.7986428563500619
Megasphaera_lornae.fna	21V	5V	21	5	vagina	vagina	other	0.9956252283352836	0.9208605382660882	False	0.8430452794601793
Megasphaera_lornae.fna	21V	7V	21	7	vagina	vagina	other	0.99681100272689	0.932447660787171	False	0.7053446027019376
Megasphaera_lornae.fna	22C	22V	22	22	cervix	vagina	within_cervix_vagina	0.999988513595436	0.9550721696356688	True	0.21488888040226176
Megasphaera_lornae.fna	22C	24C	22	24	cervix	cervix	other	0.999997439575584	0.952129069769568	True	0.4329710646685089
Megasphaera_lornae.fna	22C	30C	22	30	cervix	cervix	other	0.9969626549968674	0.5184969164187674	False	0.7831789452583645
Megasphaera_lornae.fna	22C	31C	22	31	cervix	cervix	other	0.9969709507169032	0.93098129129497	False	0.5972336702742669
Megasphaera_lornae.fna	22C	31V	22	31	cervix	vagina	between_cervix_vagina	0.997002210747514	0.9362165838710326	False	0.5043886147995361
Megasphaera_lornae.fna	22C	37C	22	37	cervix	cervix	other	0.9970508197025382	0.9200292298756634	False	0.4264495955015033
Megasphaera_lornae.fna	22C	38C	22	38	cervix	cervix	other	0.9970042486913214	0.7763372089125523	False	0.4536937769831627
Megasphaera_lornae.fna	22C	38V	22	38	cervix	vagina	between_cervix_vagina	0.9968558770759656	0.9164858083346588	False	0.571561387417031
Megasphaera_lornae.fna	22C	39C	22	39	cervix	cervix	other	0.9976578765463092	0.7379793964725464	False	0.5847926643968331
Megasphaera_lornae.fna	22C	39V	22	39	cervix	vagina	between_cervix_vagina	0.9985588844931478	0.9494352405278688	False	0.4255351087706065
Megasphaera_lornae.fna	22C	41V	22	41	cervix	vagina	between_cervix_vagina	0.9996068343132098	0.9362872816520365	True	0.4711336566538603
Megasphaera_lornae.fna	22C	42C	22	42	cervix	cervix	other	0.9972471654941264	0.9272020073294096	False	0.7702675577470643
Megasphaera_lornae.fna	22C	42V	22	42	cervix	vagina	between_cervix_vagina	0.9969444663997332	0.9484430337392972	False	0.8251226961616221
Megasphaera_lornae.fna	22C	5V	22	5	cervix	vagina	between_cervix_vagina	0.9980970341500776	0.9262219898134249	False	0.5793424491900864
Megasphaera_lornae.fna	22C	7V	22	7	cervix	vagina	between_cervix_vagina	0.9987665411726494	0.9457254354160534	False	0.7041304693427878
Megasphaera_lornae.fna	22V	24C	22	24	vagina	cervix	between_cervix_vagina	0.9999967977086964	0.9516055405119616	True	0.43847273425761
Megasphaera_lornae.fna	22V	30C	22	30	vagina	cervix	between_cervix_vagina	0.9970512852268212	0.516719720475601	False	0.7828179229139353
Megasphaera_lornae.fna	22V	31C	22	31	vagina	cervix	between_cervix_vagina	0.997033242112358	0.9295746492384448	False	0.579885919797612
Megasphaera_lornae.fna	22V	31V	22	31	vagina	vagina	other	0.9970578275592602	0.9358923492202218	False	0.4767465873627615
Megasphaera_lornae.fna	22V	37C	22	37	vagina	cervix	between_cervix_vagina	0.9972257892972644	0.9145653884385968	False	0.5392192794314736
Megasphaera_lornae.fna	22V	38C	22	38	vagina	cervix	between_cervix_vagina	0.9969908784531514	0.776533456201201	False	0.6100389692472674
Megasphaera_lornae.fna	22V	38V	22	38	vagina	vagina	other	0.9968287161052832	0.9169002436026128	False	0.5960958383816961
Megasphaera_lornae.fna	22V	39C	22	39	vagina	cervix	between_cervix_vagina	0.9977049674373628	0.7361260175757122	False	0.5705654391279567
Megasphaera_lornae.fna	22V	39V	22	39	vagina	vagina	other	0.9986398528264192	0.9481511006608414	False	0.3706327570217234
Megasphaera_lornae.fna	22V	41V	22	41	vagina	vagina	other	0.999634736077248	0.9343918497647776	True	0.4033389002320319
Megasphaera_lornae.fna	22V	42C	22	42	vagina	cervix	between_cervix_vagina	0.997330395606564	0.9266589752356644	False	0.8190984705805749
Megasphaera_lornae.fna	22V	42V	22	42	vagina	vagina	other	0.9970161410172528	0.947327715297598	False	0.8228622378795598
Megasphaera_lornae.fna	22V	5V	22	5	vagina	vagina	other	0.9980859803153824	0.92692287298717	False	0.6087972012541482
Megasphaera_lornae.fna	22V	7V	22	7	vagina	vagina	other	0.9987902734896617	0.9461416990748952	False	0.6419877989180369
Megasphaera_lornae.fna	24C	30C	24	30	cervix	cervix	other	0.997079341983898	0.5160493104833229	False	0.5351517633116994
Megasphaera_lornae.fna	24C	31C	24	31	cervix	cervix	other	0.9970245761598108	0.9274817511352784	False	0.35058025141232996
Megasphaera_lornae.fna	24C	31V	24	31	cervix	vagina	between_cervix_vagina	0.9970198199610656	0.932954734526785	False	0.4460606124548128
Megasphaera_lornae.fna	24C	37C	24	37	cervix	cervix	other	0.9971776128437636	0.9132062845451604	False	0.5211483683129274
Megasphaera_lornae.fna	24C	38C	24	38	cervix	cervix	other	0.9969572522227304	0.7755631901032858	False	0.5339689475659205
Megasphaera_lornae.fna	24C	38V	24	38	cervix	vagina	between_cervix_vagina	0.9967914132360196	0.9155478438090988	False	0.5022338470932152
Megasphaera_lornae.fna	24C	39C	24	39	cervix	cervix	other	0.9976705659247264	0.734673665746986	False	0.4260444262503482
Megasphaera_lornae.fna	24C	39V	24	39	cervix	vagina	between_cervix_vagina	0.9986038901313816	0.9442450482603776	False	0.6107389337728372
Megasphaera_lornae.fna	24C	41V	24	41	cervix	vagina	between_cervix_vagina	0.9995858612778988	0.9330205565987542	True	0.564397118120423
Megasphaera_lornae.fna	24C	42C	24	42	cervix	cervix	other	0.9972495575174588	0.9249061578376718	False	0.878975375077412
Megasphaera_lornae.fna	24C	42V	24	42	cervix	vagina	between_cervix_vagina	0.9969381403625676	0.9438958256007636	False	0.9187080959218195
Megasphaera_lornae.fna	24C	5V	24	5	cervix	vagina	between_cervix_vagina	0.9980569277972032	0.924669076485857	False	0.5945650247991747
Megasphaera_lornae.fna	24C	7V	24	7	cervix	vagina	between_cervix_vagina	0.9987692375352154	0.942350225836748	False	0.8230992254046697
Megasphaera_lornae.fna	30C	31C	30	31	cervix	cervix	other	0.9998283895416356	0.5185097151549836	True	0.48337459734326255
Megasphaera_lornae.fna	30C	31V	30	31	cervix	vagina	between_cervix_vagina	0.999829889874224	0.5195000935526671	True	0.7012363641808778
Megasphaera_lornae.fna	30C	37C	30	37	cervix	cervix	other	0.9945759280116974	0.5081043426111982	False	0.7141698044486418
Megasphaera_lornae.fna	30C	38C	30	38	cervix	cervix	other	0.9945639530809872	0.4348949619908007	False	0.6063210048515182
Megasphaera_lornae.fna	30C	38V	30	38	cervix	vagina	between_cervix_vagina	0.994494566418425	0.5046913462868733	False	0.5977499727766595
Megasphaera_lornae.fna	30C	39C	30	39	cervix	cervix	other	0.995563977967364	0.4132681451035387	False	0.5062551847704193
Megasphaera_lornae.fna	30C	39V	30	39	cervix	vagina	between_cervix_vagina	0.997039879950034	0.5186407498352924	False	0.8728218183824487
Megasphaera_lornae.fna	30C	41V	30	41	cervix	vagina	between_cervix_vagina	0.994523142267814	0.5091050818905806	False	0.8315384208590224
Megasphaera_lornae.fna	30C	42C	30	42	cervix	cervix	other	0.994075416212796	0.5085906945874145	False	0.9414202947433834
Megasphaera_lornae.fna	30C	42V	30	42	cervix	vagina	between_cervix_vagina	0.9936989421375596	0.5180538363602345	False	0.9667813329324618
Megasphaera_lornae.fna	30C	5V	30	5	cervix	vagina	between_cervix_vagina	0.9960398635298248	0.5067915579535918	False	0.7760539860759389
Megasphaera_lornae.fna	30C	7V	30	7	cervix	vagina	between_cervix_vagina	0.9969793747564724	0.5177350868820877	False	0.9305969383820276
Megasphaera_lornae.fna	31C	31V	31	31	cervix	vagina	within_cervix_vagina	0.9999915258380456	0.9349629171854724	True	0.3000974360043508
Megasphaera_lornae.fna	31C	37C	31	37	cervix	cervix	other	0.99440493353845	0.908030109941144	False	0.50426989490418
Megasphaera_lornae.fna	31C	38C	31	38	cervix	cervix	other	0.9944726665801	0.7697501260066054	False	0.5330172745180368
Megasphaera_lornae.fna	31C	38V	31	38	cervix	vagina	between_cervix_vagina	0.9943668745894052	0.907304848222225	False	0.44299784276827014
Megasphaera_lornae.fna	31C	39C	31	39	cervix	cervix	other	0.995523840144306	0.7298052702757883	False	0.271572727630114
Megasphaera_lornae.fna	31C	39V	31	39	cervix	vagina	between_cervix_vagina	0.9970084530881488	0.929002362890491	False	0.6785941225191215
Megasphaera_lornae.fna	31C	41V	31	41	cervix	vagina	between_cervix_vagina	0.9943874727436088	0.9184531569301804	False	0.7285261656044802
Megasphaera_lornae.fna	31C	42C	31	42	cervix	cervix	other	0.9939365509340428	0.910760507000604	False	0.8761743521686352
Megasphaera_lornae.fna	31C	42V	31	42	cervix	vagina	between_cervix_vagina	0.9936181092877452	0.928440437424236	False	0.9270115763692091
Megasphaera_lornae.fna	31C	5V	31	5	cervix	vagina	between_cervix_vagina	0.9958248996305872	0.9123487692186736	False	0.5645712331412751
Megasphaera_lornae.fna	31C	7V	31	7	cervix	vagina	between_cervix_vagina	0.9969810910628903	0.930878291941611	False	0.8092889430534663
Megasphaera_lornae.fna	31V	37C	31	37	vagina	cervix	between_cervix_vagina	0.9944483132545434	0.9110634104243878	False	0.5539955968208331
Megasphaera_lornae.fna	31V	38C	31	38	vagina	cervix	between_cervix_vagina	0.9945226354832468	0.7718765446093856	False	0.653354128616401
Megasphaera_lornae.fna	31V	38V	31	38	vagina	vagina	other	0.9944270291428438	0.9108647252812218	False	0.5748398166593573
Megasphaera_lornae.fna	31V	39C	31	39	vagina	cervix	between_cervix_vagina	0.9956429356168982	0.7317092346538582	False	0.4669796247628495
Megasphaera_lornae.fna	31V	39V	31	39	vagina	vagina	other	0.9970311707513604	0.9348794206682524	False	0.4958561809461797
Megasphaera_lornae.fna	31V	41V	31	41	vagina	vagina	other	0.9944730505893894	0.9226395626001423	False	0.6380523922925507
Megasphaera_lornae.fna	31V	42C	31	42	vagina	cervix	between_cervix_vagina	0.9939734107736278	0.914611707674427	False	0.8658203149241694
Megasphaera_lornae.fna	31V	42V	31	42	vagina	vagina	other	0.9936395990252908	0.9341645198310324	False	0.8787759145926037
Megasphaera_lornae.fna	31V	5V	31	5	vagina	vagina	other	0.995873892989604	0.9174213350057016	False	0.5455345986463079
Megasphaera_lornae.fna	31V	7V	31	7	vagina	vagina	other	0.9970217455511592	0.9368321421366698	False	0.6804331820169073
Megasphaera_lornae.fna	37C	38C	37	38	cervix	cervix	other	0.994273311815062	0.7643454025415852	False	0.34577425688676816
Megasphaera_lornae.fna	37C	38V	37	38	cervix	vagina	between_cervix_vagina	0.9941864677273125	0.9001162247141159	False	0.48890519995190773
Megasphaera_lornae.fna	37C	39C	37	39	cervix	cervix	other	0.9954929966353208	0.7239995197426601	False	0.45192022057754505
Megasphaera_lornae.fna	37C	39V	37	39	cervix	vagina	between_cervix_vagina	0.9968664944380442	0.9162846853369756	False	0.4952331108799675
Megasphaera_lornae.fna	37C	41V	37	41	cervix	vagina	between_cervix_vagina	0.9948880730460012	0.9049090466952748	False	0.8234349125557187
Megasphaera_lornae.fna	37C	42C	37	42	cervix	cervix	other	0.993880973472272	0.9012930989823784	False	0.7579347804856078
Megasphaera_lornae.fna	37C	42V	37	42	cervix	vagina	between_cervix_vagina	0.9935873160307814	0.9189449940790608	False	0.8308576790577581
Megasphaera_lornae.fna	37C	5V	37	5	cervix	vagina	between_cervix_vagina	0.9962098227016012	0.9019318168659308	False	0.5426829028768712
Megasphaera_lornae.fna	37C	7V	37	7	cervix	vagina	between_cervix_vagina	0.9971530613738492	0.9160348052489444	False	0.694179114591852
Megasphaera_lornae.fna	38C	38V	38	38	cervix	vagina	within_cervix_vagina	0.9999984242749892	0.7735659777899264	True	0.3172712011126508
Megasphaera_lornae.fna	38C	39C	38	39	cervix	cervix	other	0.9952667204043611	0.6147068449469675	False	0.4810048602770296
Megasphaera_lornae.fna	38C	39V	38	39	cervix	vagina	between_cervix_vagina	0.9968775040833548	0.773517220699579	False	0.6775244873892551
Megasphaera_lornae.fna	38C	41V	38	41	cervix	vagina	between_cervix_vagina	0.9944357872409908	0.7689200365434392	False	0.848473846819652
Megasphaera_lornae.fna	38C	42C	38	42	cervix	cervix	other	0.994245833017426	0.7636609748858322	False	0.8095807028426055
Megasphaera_lornae.fna	38C	42V	38	42	cervix	vagina	between_cervix_vagina	0.9940232228349224	0.7748848570838263	False	0.886306116761182
Megasphaera_lornae.fna	38C	5V	38	5	cervix	vagina	between_cervix_vagina	0.996198599676873	0.7653967273022031	False	0.6000290835745685
Megasphaera_lornae.fna	38C	7V	38	7	cervix	vagina	between_cervix_vagina	0.9968380526928388	0.7760093174799654	False	0.8012892567824152
Megasphaera_lornae.fna	38V	39C	38	39	vagina	cervix	between_cervix_vagina	0.9951461410592918	0.7193487027871381	False	0.47111515494502276
Megasphaera_lornae.fna	38V	39V	38	39	vagina	vagina	other	0.9967741806298658	0.9131130366098708	False	0.5715022043369118
Megasphaera_lornae.fna	38V	41V	38	41	vagina	vagina	other	0.9942587453877512	0.9073078955403718	False	0.808375647339034
Megasphaera_lornae.fna	38V	42C	38	42	vagina	cervix	between_cervix_vagina	0.9941495848781344	0.8990252848175906	False	0.795730509104414
Megasphaera_lornae.fna	38V	42V	38	42	vagina	vagina	other	0.9938427577087168	0.9144069278949676	False	0.8792077702972725
Megasphaera_lornae.fna	38V	5V	38	5	vagina	vagina	other	0.9960692078721186	0.9025376237134984	False	0.418708258468812
Megasphaera_lornae.fna	38V	7V	38	7	vagina	vagina	other	0.9967518888580812	0.9166034348151224	False	0.7187471420555634
Megasphaera_lornae.fna	39C	39V	39	39	cervix	vagina	within_cervix_vagina	0.9999803687726064	0.7450948843451344	True	0.671872635312406
Megasphaera_lornae.fna	39C	41V	39	41	cervix	vagina	between_cervix_vagina	0.9956453569357708	0.7315562592828929	False	0.7923542893729837
Megasphaera_lornae.fna	39C	42C	39	42	cervix	cervix	other	0.9950117294709132	0.7277001829000351	False	0.8784788060756651
Megasphaera_lornae.fna	39C	42V	39	42	cervix	vagina	between_cervix_vagina	0.994779056624432	0.7403294882272958	False	0.9269499487736389
Megasphaera_lornae.fna	39C	5V	39	5	cervix	vagina	between_cervix_vagina	0.9972534227320596	0.7262764758618883	False	0.5346781656590736
Megasphaera_lornae.fna	39C	7V	39	7	cervix	vagina	between_cervix_vagina	0.9976848404211308	0.7365709260251331	False	0.8054683944443475
Megasphaera_lornae.fna	39V	41V	39	41	vagina	vagina	other	0.9969378721903	0.9328663623005302	False	0.6320045814341225
Megasphaera_lornae.fna	39V	42C	39	42	vagina	cervix	between_cervix_vagina	0.9975573366505792	0.9289176474460122	False	0.6865865614314017
Megasphaera_lornae.fna	39V	42V	39	42	vagina	vagina	other	0.9972168532999528	0.9503890511077916	False	0.7102343910258121
Megasphaera_lornae.fna	39V	5V	39	5	vagina	vagina	other	0.9982321817861473	0.9270453751766684	False	0.5133388833609775
Megasphaera_lornae.fna	39V	7V	39	7	vagina	vagina	other	0.998647919886673	0.9447929560631576	False	0.4954187313216436
Megasphaera_lornae.fna	41V	42C	41	42	vagina	cervix	between_cervix_vagina	0.9938362537606488	0.909783536802766	False	0.9191381560665669
Megasphaera_lornae.fna	41V	42V	41	42	vagina	vagina	other	0.9935172806853968	0.9281960425088692	False	0.9066612459101339
Megasphaera_lornae.fna	41V	5V	41	5	vagina	vagina	other	0.99627153988661	0.9165345654250064	False	0.7386285112429593
Megasphaera_lornae.fna	41V	7V	41	7	vagina	vagina	other	0.9970317184155056	0.9272495454924984	False	0.6684311965996083
Megasphaera_lornae.fna	42C	42V	42	42	cervix	vagina	within_cervix_vagina	0.9999850492562004	0.937589705427944	True	0.2875804750689081
Megasphaera_lornae.fna	42C	5V	42	5	cervix	vagina	between_cervix_vagina	0.9954600146537874	0.9066807574657773	False	0.7284641476301276
Megasphaera_lornae.fna	42C	7V	42	7	cervix	vagina	between_cervix_vagina	0.996379109004539	0.9227230591173626	False	0.7559315159832809
Megasphaera_lornae.fna	42V	5V	42	5	vagina	vagina	other	0.9952038669687846	0.9244630777791388	False	0.8300703177431683
Megasphaera_lornae.fna	42V	7V	42	7	vagina	vagina	other	0.9960600694042874	0.9432930660713426	False	0.7102873379001772
Megasphaera_lornae.fna	5V	7V	5	7	vagina	vagina	other	0.9980856681679348	0.921677828993038	False	0.5768845693236526
Mobiluncus_curtisii.fna	42C	42V	42	42	cervix	vagina	within_cervix_vagina	0.999825992402367	0.7228847251620334	True	0.2875804750689081
P_bivia.fna	28C	35V	28	35	cervix	vagina	between_cervix_vagina	0.9960366371761212	0.571824238727165	False	0.9335024950576415
P_bivia.fna	28C	3C	28	3	cervix	cervix	other	0.9936961661391304	0.8200225444801323	False	0.7764173353016681
P_bivia.fna	28C	3V	28	3	cervix	vagina	between_cervix_vagina	0.9934455963319646	0.8615925985567408	False	0.6434041857732677
P_bivia.fna	35V	3C	35	3	vagina	cervix	between_cervix_vagina	0.9958547211072348	0.5557238150464177	False	0.41619153147581617
P_bivia.fna	35V	3V	35	3	vagina	vagina	other	0.995626281239848	0.5665089928043286	False	0.6210922442322536
P_bivia.fna	3C	3V	3	3	cervix	vagina	within_cervix_vagina	0.9999948219406614	0.842581303312103	True	0.3803243545186398
Prevotella_amnii.fna	21C	21V	21	21	cervix	vagina	within_cervix_vagina	0.9999989835807636	0.8011077210699068	True	0.15475956912622998
Prevotella_amnii.fna	21C	22C	21	22	cervix	cervix	other	0.9998412304999844	0.6718433328692044	True	0.6718089140407115
Prevotella_amnii.fna	21C	22V	21	22	cervix	vagina	between_cervix_vagina	0.9999109840506192	0.786673311038859	True	0.7625755994163925
Prevotella_amnii.fna	21C	31C	21	31	cervix	cervix	other	0.9884704967723889	0.77714808237393	False	0.7556566453041316
Prevotella_amnii.fna	21C	31V	21	31	cervix	vagina	between_cervix_vagina	0.9882522366890012	0.7862063321844106	False	0.7158657117219186
Prevotella_amnii.fna	21C	37C	21	37	cervix	cervix	other	0.9888102840494654	0.7747321691025293	False	0.6890388836159961
Prevotella_amnii.fna	21C	39C	21	39	cervix	cervix	other	0.987549697177594	0.7239882192675394	False	0.8088301404649073
Prevotella_amnii.fna	21C	39V	21	39	cervix	vagina	between_cervix_vagina	0.9869830452397418	0.7777013729259747	False	0.7720427590737189
Prevotella_amnii.fna	21C	42C	21	42	cervix	cervix	other	0.9864951937688132	0.7582295353743607	False	0.839057124752142
Prevotella_amnii.fna	21C	42V	21	42	cervix	vagina	between_cervix_vagina	0.9860927757553858	0.7706873261043216	False	0.8547331399572586
Prevotella_amnii.fna	21C	7C	21	7	cervix	cervix	other	0.9869528329765612	0.7687546769133309	False	0.85856454051307
Prevotella_amnii.fna	21C	7V	21	7	cervix	vagina	between_cervix_vagina	0.9867172982650516	0.7797663395779032	False	0.8225170598261735
Prevotella_amnii.fna	21V	22C	21	22	vagina	cervix	between_cervix_vagina	0.9997990435197892	0.6726201381475718	True	0.6594082927770606
Prevotella_amnii.fna	21V	22V	21	22	vagina	vagina	other	0.9998666375819428	0.7876259967576115	True	0.7296485894186177
Prevotella_amnii.fna	21V	31C	21	31	vagina	cervix	between_cervix_vagina	0.9883567949523122	0.7792097919806662	False	0.807571661408867
Prevotella_amnii.fna	21V	31V	21	31	vagina	vagina	other	0.9881307811881704	0.7891376728574954	False	0.7206545535100058
Prevotella_amnii.fna	21V	37C	21	37	vagina	cervix	between_cervix_vagina	0.988659233939239	0.7774090531199643	False	0.7449005591888228
Prevotella_amnii.fna	21V	39C	21	39	vagina	cervix	between_cervix_vagina	0.987425744629406	0.7257230029630969	False	0.8464446180192986
Prevotella_amnii.fna	21V	39V	21	39	vagina	vagina	other	0.9868287819828327	0.7812352669596379	False	0.6874533148316687
Prevotella_amnii.fna	21V	42C	21	42	vagina	cervix	between_cervix_vagina	0.9863452160910748	0.7610228587574209	False	0.8513075152823992
Prevotella_amnii.fna	21V	42V	21	42	vagina	vagina	other	0.985929030308604	0.774739090323563	False	0.7986428563500619
Prevotella_amnii.fna	21V	7C	21	7	vagina	cervix	between_cervix_vagina	0.9868124391176738	0.7706966901092495	False	0.893230598665913
Prevotella_amnii.fna	21V	7V	21	7	vagina	vagina	other	0.98657335765342	0.7832326499238259	False	0.7053446027019376
Prevotella_amnii.fna	22C	22V	22	22	cervix	vagina	within_cervix_vagina	0.999993510565684	0.6901120993529065	True	0.21488888040226176
Prevotella_amnii.fna	22C	31C	22	31	cervix	cervix	other	0.9892955895638844	0.6692067547860243	False	0.5972336702742669
Prevotella_amnii.fna	22C	31V	22	31	cervix	vagina	between_cervix_vagina	0.9892151933024522	0.6793182515855704	False	0.5043886147995361
Prevotella_amnii.fna	22C	37C	22	37	cervix	cervix	other	0.989397810798465	0.6666731807570513	False	0.4264495955015033
Prevotella_amnii.fna	22C	39C	22	39	cervix	cervix	other	0.988341083976429	0.6239525546226835	False	0.5847926643968331
Prevotella_amnii.fna	22C	39V	22	39	cervix	vagina	between_cervix_vagina	0.9880842382130433	0.6693052804030919	False	0.4255351087706065
Prevotella_amnii.fna	22C	42C	22	42	cervix	cervix	other	0.9873714633290328	0.6519358655231181	False	0.7702675577470643
Prevotella_amnii.fna	22C	42V	22	42	cervix	vagina	between_cervix_vagina	0.9871086760353436	0.6609745730624449	False	0.8251226961616221
Prevotella_amnii.fna	22C	7C	22	7	cervix	cervix	other	0.9877618555657854	0.6518072122380216	False	0.6729492080876455
Prevotella_amnii.fna	22C	7V	22	7	cervix	vagina	between_cervix_vagina	0.9875753396279568	0.666237958093228	False	0.7041304693427878
Prevotella_amnii.fna	22V	31C	22	31	vagina	cervix	between_cervix_vagina	0.989123420078978	0.7847964387467867	False	0.579885919797612
Prevotella_amnii.fna	22V	31V	22	31	vagina	vagina	other	0.9890077214179044	0.7968698981440542	False	0.4767465873627615
Prevotella_amnii.fna	22V	37C	22	37	vagina	cervix	between_cervix_vagina	0.9892531109757752	0.7828263335360844	False	0.5392192794314736
Prevotella_amnii.fna	22V	39C	22	39	vagina	cervix	between_cervix_vagina	0.9880801910667012	0.7263573125143005	False	0.5705654391279567
Prevotella_amnii.fna	22V	39V	22	39	vagina	vagina	other	0.9878160156195364	0.7859262262978715	False	0.3706327570217234
Prevotella_amnii.fna	22V	42C	22	42	vagina	cervix	between_cervix_vagina	0.9871934966601889	0.7667654365621237	False	0.8190984705805749
Prevotella_amnii.fna	22V	42V	22	42	vagina	vagina	other	0.986895299420207	0.7784590430638373	False	0.8228622378795598
Prevotella_amnii.fna	22V	7C	22	7	vagina	cervix	between_cervix_vagina	0.9874302301764089	0.7632624844577874	False	0.6140028124796456
Prevotella_amnii.fna	22V	7V	22	7	vagina	vagina	other	0.9872579716619962	0.7800391171127598	False	0.6419877989180369
Prevotella_amnii.fna	31C	31V	31	31	cervix	vagina	within_cervix_vagina	0.9999930391132228	0.8188366323129825	True	0.3000974360043508
Prevotella_amnii.fna	31C	37C	31	37	cervix	cervix	other	0.9895631881959064	0.785448254915899	False	0.50426989490418
Prevotella_amnii.fna	31C	39C	31	39	cervix	cervix	other	0.98899236055178	0.7339539632947292	False	0.271572727630114
Prevotella_amnii.fna	31C	39V	31	39	cervix	vagina	between_cervix_vagina	0.9885563489343074	0.788670694003047	False	0.6785941225191215
Prevotella_amnii.fna	31C	42C	31	42	cervix	cervix	other	0.9883703895929952	0.7781602091674422	False	0.8761743521686352
Prevotella_amnii.fna	31C	42V	31	42	cervix	vagina	between_cervix_vagina	0.9881131272488104	0.7892329414293706	False	0.9270115763692091
Prevotella_amnii.fna	31C	7C	31	7	cervix	cervix	other	0.9884301701036996	0.7678589894854438	False	0.4458441518015241
Prevotella_amnii.fna	31C	7V	31	7	cervix	vagina	between_cervix_vagina	0.9882609527015024	0.7814144044452153	False	0.8092889430534663
Prevotella_amnii.fna	31V	37C	31	37	vagina	cervix	between_cervix_vagina	0.9893587782459003	0.8013890483483931	False	0.5539955968208331
Prevotella_amnii.fna	31V	39C	31	39	vagina	cervix	between_cervix_vagina	0.9887888022261748	0.7400198028347693	False	0.4669796247628495
Prevotella_amnii.fna	31V	39V	31	39	vagina	vagina	other	0.9883792982495156	0.8055234600893896	False	0.4958561809461797
Prevotella_amnii.fna	31V	42C	31	42	vagina	cervix	between_cervix_vagina	0.9881587342885638	0.7886625513900661	False	0.8658203149241694
Prevotella_amnii.fna	31V	42V	31	42	vagina	vagina	other	0.9878568934667016	0.8034247015935908	False	0.8787759145926037
Prevotella_amnii.fna	31V	7C	31	7	vagina	cervix	between_cervix_vagina	0.988122599324264	0.7748144094936353	False	0.4241006228810109
Prevotella_amnii.fna	31V	7V	31	7	vagina	vagina	other	0.9879045439686172	0.7933278614974102	False	0.6804331820169073
Prevotella_amnii.fna	37C	39C	37	39	cervix	cervix	other	0.9887679971949306	0.7291884990477214	False	0.45192022057754505
Prevotella_amnii.fna	37C	39V	37	39	cervix	vagina	between_cervix_vagina	0.9881168831502064	0.7933539178589488	False	0.4952331108799675
Prevotella_amnii.fna	37C	42C	37	42	cervix	cervix	other	0.9868424991845828	0.7751494780177949	False	0.7579347804856078
Prevotella_amnii.fna	37C	42V	37	42	cervix	vagina	between_cervix_vagina	0.9865545411158012	0.7882228502891034	False	0.8308576790577581
Prevotella_amnii.fna	37C	7C	37	7	cervix	cervix	other	0.9875996132544764	0.7667935285769074	False	0.6067454743994453
Prevotella_amnii.fna	37C	7V	37	7	cervix	vagina	between_cervix_vagina	0.9871765662634032	0.7844849838002714	False	0.694179114591852
Prevotella_amnii.fna	39C	39V	39	39	cervix	vagina	within_cervix_vagina	0.999988023484385	0.7818638766817549	True	0.671872635312406
Prevotella_amnii.fna	39C	42C	39	42	cervix	cervix	other	0.987904222844632	0.7244743332624926	False	0.8784788060756651
Prevotella_amnii.fna	39C	42V	39	42	cervix	vagina	between_cervix_vagina	0.9876286681195942	0.7339739126965321	False	0.9269499487736389
Prevotella_amnii.fna	39C	7C	39	7	cervix	cervix	other	0.99500663828583	0.7365815845036304	False	0.41506481291947384
Prevotella_amnii.fna	39C	7V	39	7	cervix	vagina	between_cervix_vagina	0.9947988739627636	0.7458271144126692	False	0.8054683944443475
Prevotella_amnii.fna	39V	42C	39	42	vagina	cervix	between_cervix_vagina	0.9874196500549984	0.7843034035307999	False	0.6865865614314017
Prevotella_amnii.fna	39V	42V	39	42	vagina	vagina	other	0.9870438940033568	0.8004595690766358	False	0.7102343910258121
Prevotella_amnii.fna	39V	7C	39	7	vagina	cervix	between_cervix_vagina	0.9947260758758546	0.7851697775519559	False	0.686919958489681
Prevotella_amnii.fna	39V	7V	39	7	vagina	vagina	other	0.9944861617244012	0.8039478644776066	False	0.4954187313216436
Prevotella_amnii.fna	42C	42V	42	42	cervix	vagina	within_cervix_vagina	0.9999932368587334	0.8427783572604016	True	0.2875804750689081
Prevotella_amnii.fna	42C	7C	42	7	cervix	cervix	other	0.987926592737458	0.7571437179333722	False	0.8995887891134132
Prevotella_amnii.fna	42C	7V	42	7	cervix	vagina	between_cervix_vagina	0.9876760888283348	0.7721464823504792	False	0.7559315159832809
Prevotella_amnii.fna	42V	7C	42	7	vagina	cervix	between_cervix_vagina	0.9874952241467142	0.7672295655020287	False	0.9313758423413537
Prevotella_amnii.fna	42V	7V	42	7	vagina	vagina	other	0.9872242858509171	0.7875107787839333	False	0.7102873379001772
Prevotella_amnii.fna	7C	7V	7	7	cervix	vagina	within_cervix_vagina	1.0	0.7957319679799887	True	0.8104106945069303
Prevotella_disiens.fna	28C	3V	28	3	cervix	vagina	between_cervix_vagina	0.9920933554881504	0.8418188538347912	False	0.6434041857732677
Prevotella_disiens.fna	28C	42V	28	42	cervix	vagina	between_cervix_vagina	0.9915062964687272	0.6411879057723696	False	0.9269465846843855
Prevotella_disiens.fna	28C	5V	28	5	cervix	vagina	between_cervix_vagina	0.9915272312248556	0.5261066966922338	False	0.8792073434184996
Prevotella_disiens.fna	3V	42V	3	42	vagina	vagina	other	0.991029858754392	0.6433708695750865	False	0.8012921809576167
Prevotella_disiens.fna	3V	5V	3	5	vagina	vagina	other	0.9913077522289626	0.5305604225279124	False	0.7405157700781704
Prevotella_disiens.fna	42V	5V	42	5	vagina	vagina	other	0.9914035544733946	0.4028032904206991	False	0.8300703177431683
Sneathia_vaginalis.fna	22C	22V	22	22	cervix	vagina	within_cervix_vagina	0.9999974232426944	0.8800604720600185	True	0.21488888040226176
Sneathia_vaginalis.fna	22C	24C	22	24	cervix	cervix	other	0.9999970163711712	0.7600483776480148	True	0.4329710646685089
Sneathia_vaginalis.fna	22C	28C	22	28	cervix	cervix	other	0.9884674435534904	0.857655573823157	False	0.7421002112357991
Sneathia_vaginalis.fna	22C	28V	22	28	cervix	vagina	between_cervix_vagina	0.9887880660420856	0.7131613659126557	False	0.46942320766087153
Sneathia_vaginalis.fna	22C	37C	22	37	cervix	cervix	other	0.9892633903188748	0.8442149025832908	False	0.4264495955015033
Sneathia_vaginalis.fna	22C	38C	22	38	cervix	cervix	other	0.9886036458709268	0.8482725778105334	False	0.4536937769831627
Sneathia_vaginalis.fna	22C	38V	22	38	cervix	vagina	between_cervix_vagina	0.9887767433533255	0.6755333824668821	False	0.571561387417031
Sneathia_vaginalis.fna	22C	39C	22	39	cervix	cervix	other	0.989949532332952	0.8425080786892681	False	0.5847926643968331
Sneathia_vaginalis.fna	22C	39V	22	39	cervix	vagina	between_cervix_vagina	0.9895080141802342	0.8499211973467884	False	0.4255351087706065
Sneathia_vaginalis.fna	22C	42C	22	42	cervix	cervix	other	0.9884115174835064	0.7537819604285957	False	0.7702675577470643
Sneathia_vaginalis.fna	22C	42V	22	42	cervix	vagina	between_cervix_vagina	0.9879572356065413	0.8472430409887182	False	0.8251226961616221
Sneathia_vaginalis.fna	22C	7C	22	7	cervix	cervix	other	0.9896298096139882	0.8150749286618667	False	0.6729492080876455
Sneathia_vaginalis.fna	22C	7V	22	7	cervix	vagina	between_cervix_vagina	0.989891786134308	0.8426305346108056	False	0.7041304693427878
Sneathia_vaginalis.fna	22V	24C	22	24	vagina	cervix	between_cervix_vagina	1.0	0.7664780694294839	True	0.43847273425761
Sneathia_vaginalis.fna	22V	28C	22	28	vagina	cervix	between_cervix_vagina	0.9883994775740256	0.873351852901714	False	0.7143590854856979
Sneathia_vaginalis.fna	22V	28V	22	28	vagina	vagina	other	0.9887949370802293	0.7214241170134361	False	0.4073789684273233
Sneathia_vaginalis.fna	22V	37C	22	37	vagina	cervix	between_cervix_vagina	0.9892139430629592	0.8612990154392728	False	0.5392192794314736
Sneathia_vaginalis.fna	22V	38C	22	38	vagina	cervix	between_cervix_vagina	0.988551970961097	0.860884781828146	False	0.6100389692472674
Sneathia_vaginalis.fna	22V	38V	22	38	vagina	vagina	other	0.9887954686059522	0.68300394958142	False	0.5960958383816961
Sneathia_vaginalis.fna	22V	39C	22	39	vagina	cervix	between_cervix_vagina	0.9899380907326562	0.8572511669217832	False	0.5705654391279567
Sneathia_vaginalis.fna	22V	39V	22	39	vagina	vagina	other	0.989464855826151	0.8670317667290285	False	0.3706327570217234
Sneathia_vaginalis.fna	22V	42C	22	42	vagina	cervix	between_cervix_vagina	0.9885635399975348	0.7665778483285145	False	0.8190984705805749
Sneathia_vaginalis.fna	22V	42V	22	42	vagina	vagina	other	0.98803512402658	0.8641933594119092	False	0.8228622378795598
Sneathia_vaginalis.fna	22V	7C	22	7	vagina	cervix	between_cervix_vagina	0.9896387031419424	0.8267906343897047	False	0.6140028124796456
Sneathia_vaginalis.fna	22V	7V	22	7	vagina	vagina	other	0.9898812979779336	0.8579677608330026	False	0.6419877989180369
Sneathia_vaginalis.fna	24C	28C	24	28	cervix	cervix	other	0.988613688239064	0.7477808643725079	False	0.6581402588604666
Sneathia_vaginalis.fna	24C	28V	24	28	cervix	vagina	between_cervix_vagina	0.9888517145605517	0.6278670370580343	False	0.5610901279581041
Sneathia_vaginalis.fna	24C	37C	24	37	cervix	cervix	other	0.9895146001575734	0.7368399569136572	False	0.5211483683129274
Sneathia_vaginalis.fna	24C	38C	24	38	cervix	cervix	other	0.9887376216195296	0.7421834193170437	False	0.5339689475659205
Sneathia_vaginalis.fna	24C	38V	24	38	cervix	vagina	between_cervix_vagina	0.9889000011408016	0.5963444639718805	False	0.5022338470932152
Sneathia_vaginalis.fna	24C	39C	24	39	cervix	cervix	other	0.9901554382858446	0.735970671050891	False	0.4260444262503482
Sneathia_vaginalis.fna	24C	39V	24	39	cervix	vagina	between_cervix_vagina	0.9897080445284604	0.741361755201542	False	0.6107389337728372
Sneathia_vaginalis.fna	24C	42C	24	42	cervix	cervix	other	0.9885612608032536	0.6601644084131754	False	0.878975375077412
Sneathia_vaginalis.fna	24C	42V	24	42	cervix	vagina	between_cervix_vagina	0.9880434638181396	0.739555908309239	False	0.9187080959218195
Sneathia_vaginalis.fna	24C	7C	24	7	cervix	cervix	other	0.9897654462121228	0.7128008012547953	False	0.6049029459750874
Sneathia_vaginalis.fna	24C	7V	24	7	cervix	vagina	between_cervix_vagina	0.9900372766155344	0.7346773248672449	False	0.8230992254046697
Sneathia_vaginalis.fna	28C	28V	28	28	cervix	vagina	within_cervix_vagina	1.0	0.7317330914450932	True	0.8011329277728844
Sneathia_vaginalis.fna	28C	37C	28	37	cervix	cervix	other	0.9880515411940158	0.8560810325604248	False	0.6068528912166299
Sneathia_vaginalis.fna	28C	38C	28	38	cervix	cervix	other	0.9884219020782896	0.8570894041612336	False	0.7339703133724019
Sneathia_vaginalis.fna	28C	38V	28	38	cervix	vagina	between_cervix_vagina	0.9887703518615674	0.6800627397622692	False	0.8099272663816344
Sneathia_vaginalis.fna	28C	39C	28	39	cervix	cervix	other	0.98931188681569	0.8531375550390233	False	0.7300388269744399
Sneathia_vaginalis.fna	28C	39V	28	39	cervix	vagina	between_cervix_vagina	0.9888255825665776	0.8630232250505508	False	0.786751603079693
Sneathia_vaginalis.fna	28C	42C	28	42	cervix	cervix	other	0.9880047140348134	0.7587814879906268	False	0.9215295322162304
Sneathia_vaginalis.fna	28C	42V	28	42	cervix	vagina	between_cervix_vagina	0.987482306874854	0.8571271991987452	False	0.9269465846843855
Sneathia_vaginalis.fna	28C	7C	28	7	cervix	cervix	other	0.9886515031173032	0.8289366366196118	False	0.7679977211705872
Sneathia_vaginalis.fna	28C	7V	28	7	cervix	vagina	between_cervix_vagina	0.988945515424576	0.8596677816202732	False	0.8669530775524178
Sneathia_vaginalis.fna	28V	37C	28	37	vagina	cervix	between_cervix_vagina	0.988718562848595	0.7056855074928662	False	0.8076690881958865
Sneathia_vaginalis.fna	28V	38C	28	38	vagina	cervix	between_cervix_vagina	0.9889977325512984	0.7130797286316307	False	0.8061849053292464
Sneathia_vaginalis.fna	28V	38V	28	38	vagina	vagina	other	0.989142954820386	0.5748776385660562	False	0.7974894778879845
Sneathia_vaginalis.fna	28V	39C	28	39	vagina	cervix	between_cervix_vagina	0.9896521556139752	0.7076266606194607	False	0.7433808619602608
Sneathia_vaginalis.fna	28V	39V	28	39	vagina	vagina	other	0.9892485663164168	0.7127017782565149	False	0.6646921458966086
Sneathia_vaginalis.fna	28V	42C	28	42	vagina	cervix	between_cervix_vagina	0.9885751894894604	0.6339747151199048	False	0.9227771206207461
Sneathia_vaginalis.fna	28V	42V	28	42	vagina	vagina	other	0.9881939744074868	0.7091596273409302	False	0.9461835120358644
Sneathia_vaginalis.fna	28V	7C	28	7	vagina	cervix	between_cervix_vagina	0.9891157902315936	0.6928956667989493	False	0.6486805778382216
Sneathia_vaginalis.fna	28V	7V	28	7	vagina	vagina	other	0.9895333767454094	0.7127403291947767	False	0.873411545567146
Sneathia_vaginalis.fna	37C	38C	37	38	cervix	cervix	other	0.9884745671577588	0.8434945291683202	False	0.34577425688676816
Sneathia_vaginalis.fna	37C	38V	37	38	cervix	vagina	between_cervix_vagina	0.9886373126815626	0.6697719069486177	False	0.48890519995190773
Sneathia_vaginalis.fna	37C	39C	37	39	cervix	cervix	other	0.98979161484974	0.838804920913884	False	0.45192022057754505
Sneathia_vaginalis.fna	37C	39V	37	39	cervix	vagina	between_cervix_vagina	0.9890579061058112	0.8489475971804902	False	0.4952331108799675
Sneathia_vaginalis.fna	37C	42C	37	42	cervix	cervix	other	0.9884607553236427	0.7461896932932706	False	0.7579347804856078
Sneathia_vaginalis.fna	37C	42V	37	42	cervix	vagina	between_cervix_vagina	0.9880176110246592	0.842301717784455	False	0.8308576790577581
Sneathia_vaginalis.fna	37C	7C	37	7	cervix	cervix	other	0.98905040098756	0.8150220156093505	False	0.6067454743994453
Sneathia_vaginalis.fna	37C	7V	37	7	cervix	vagina	between_cervix_vagina	0.9892452348781048	0.8413840542736739	False	0.694179114591852
Sneathia_vaginalis.fna	38C	38V	38	38	cervix	vagina	within_cervix_vagina	0.9999945189381648	0.6895568531851768	True	0.3172712011126508
Sneathia_vaginalis.fna	38C	39C	38	39	cervix	cervix	other	0.9894270656331084	0.8407687510629854	False	0.4810048602770296
Sneathia_vaginalis.fna	38C	39V	38	39	cervix	vagina	between_cervix_vagina	0.9890032245446744	0.8483693331065632	False	0.6775244873892551
Sneathia_vaginalis.fna	38C	42C	38	42	cervix	cervix	other	0.9884709188538164	0.7531417124931497	False	0.8095807028426055
Sneathia_vaginalis.fna	38C	42V	38	42	cervix	vagina	between_cervix_vagina	0.9880343586626572	0.8481554131942476	False	0.886306116761182
Sneathia_vaginalis.fna	38C	7C	38	7	cervix	cervix	other	0.9890830463296272	0.8155896970727744	False	0.6540353793812858
Sneathia_vaginalis.fna	38C	7V	38	7	cervix	vagina	between_cervix_vagina	0.9893127428922068	0.8425965190770451	False	0.8012892567824152
Sneathia_vaginalis.fna	38V	39C	38	39	vagina	cervix	between_cervix_vagina	0.9895385171749362	0.6688701173535915	False	0.47111515494502276
Sneathia_vaginalis.fna	38V	39V	38	39	vagina	vagina	other	0.98914128568525	0.6731515392029026	False	0.5715022043369118
Sneathia_vaginalis.fna	38V	42C	38	42	vagina	cervix	between_cervix_vagina	0.9886800942388092	0.6047924107564677	False	0.795730509104414
Sneathia_vaginalis.fna	38V	42V	38	42	vagina	vagina	other	0.988296074885388	0.6742052648487253	False	0.8792077702972725
Sneathia_vaginalis.fna	38V	7C	38	7	vagina	cervix	between_cervix_vagina	0.989329496817559	0.6504548632764519	False	0.673056988952476
Sneathia_vaginalis.fna	38V	7V	38	7	vagina	vagina	other	0.9896656658648194	0.6686879452727856	False	0.7187471420555634
Sneathia_vaginalis.fna	39C	39V	39	39	cervix	vagina	within_cervix_vagina	0.9999838429328988	0.8889060226392275	True	0.671872635312406
Sneathia_vaginalis.fna	39C	42C	39	42	cervix	cervix	other	0.98975861016023	0.7525505981064686	False	0.8784788060756651
Sneathia_vaginalis.fna	39C	42V	39	42	cervix	vagina	between_cervix_vagina	0.9893588033545098	0.8461016308558686	False	0.9269499487736389
Sneathia_vaginalis.fna	39C	7C	39	7	cervix	cervix	other	0.9900754717331568	0.8139743371695296	False	0.41506481291947384
Sneathia_vaginalis.fna	39C	7V	39	7	cervix	vagina	between_cervix_vagina	0.9904026666162444	0.8395192471228528	False	0.8054683944443475
Sneathia_vaginalis.fna	39V	42C	39	42	vagina	cervix	between_cervix_vagina	0.9893252259772758	0.7588200389288886	False	0.6865865614314017
Sneathia_vaginalis.fna	39V	42V	39	42	vagina	vagina	other	0.98888891831832	0.8561732524519531	False	0.7102343910258121
Sneathia_vaginalis.fna	39V	7C	39	7	vagina	cervix	between_cervix_vagina	0.989671107280138	0.8208220420658767	False	0.686919958489681
Sneathia_vaginalis.fna	39V	7V	39	7	vagina	vagina	other	0.9898851364460828	0.849325547555606	False	0.4954187313216436
Sneathia_vaginalis.fna	42C	42V	42	42	cervix	vagina	within_cervix_vagina	0.9999941968879844	0.7815469508853488	True	0.2875804750689081
Sneathia_vaginalis.fna	42C	7C	42	7	cervix	cervix	other	0.9914948879013146	0.7281614604002494	False	0.8995887891134132
Sneathia_vaginalis.fna	42C	7V	42	7	cervix	vagina	between_cervix_vagina	0.9918165920178876	0.7525377477937147	False	0.7559315159832809
Sneathia_vaginalis.fna	42V	7C	42	7	vagina	cervix	between_cervix_vagina	0.991327487137324	0.8200933537426536	False	0.9313758423413537
Sneathia_vaginalis.fna	42V	7V	42	7	vagina	vagina	other	0.9915796378879852	0.850396658918684	False	0.7102873379001772
Sneathia_vaginalis.fna	7C	7V	7	7	cervix	vagina	within_cervix_vagina	0.9999982134051782	0.8461915830451462	True	0.8104106945069303
Streptococcus_agalactiae.fna	23C	24V	23	24	cervix	vagina	between_cervix_vagina	0.9999988739303042	0.8291166895253638	True	0.7904526363749482
